course_id,academic_year,semester,department,course_name,section,professor,credits,core,category,time_slot,campus,classroom,capacity,source,rating,workload_label,teamwork_load_label,grading_strictness_label
CSE3036,2026,1,CSE,컴퓨터공학세미나,41,이종욱,1,false,전공심화,Mon 15:00-15:50;Wed 17:00-17:50,자연과학,,,gls,4.97,3.0,5.0,4.52
ECE4272,2026,1,ECE,심화융합캡스톤디자인,41,조준동,3,false,전공(대학원),Mon 15:00-16:15;Mon 16:30-17:45,자연과학,21121,,gls,4.67,3.0,3.0,3.0
EEE2008,2026,1,EEE,신호및시스템,41,신지태,3,false,전공기반,Wed 13:30-14:45,자연과학,21514,,gls,3.44,2.54,4.42,3.4
EEE2008,2026,1,EEE,신호및시스템,42,이태진,3,false,전공기반,Mon 12:00-13:15;Wed 13:30-14:45,자연과학,21534,,gls,3.68,2.56,4.62,3.32
EEE2008,2026,1,EEE,신호및시스템,43,전병우,3,false,전공기반,Mon 12:00-13:15;Wed 13:30-14:45,자연과학,22211,,gls,3.94,2.46,4.62,3.38
EEE2008,2026,1,EEE,신호및시스템,44,정민영,3,false,전공기반,Mon 12:00-13:15;Wed 13:30-14:45,자연과학,22410,,gls,4.1,2.8,4.74,3.34
EEE2008,2026,1,EEE,신호및시스템,45,김중규,3,false,전공기반,Mon 12:00-13:15;Wed 13:30-14:45,자연과학,22409,,gls,4.57,2.0,4.76,3.94
EEE3012,2026,1,EEE,디지털통신,41,서효운,3,false,전공심화,Tue 13:30-14:45,자연과학,22312,,gls,4.77,4.54,5.0,4.7
EEE3024,2026,1,EEE,제어공학기초,41,국태용,3,false,전공심화,Tue 13:30-14:45;Thu 12:00-13:15,자연과학,85712,,gls,2.73,4.68,4.84,4.04
EEE3024,2026,1,EEE,제어공학기초,42,박종구,3,false,전공심화,Tue 15:00-16:15;Thu 16:30-17:45,자연과학,85718,,gls,4.68,1.98,4.8,4.16
EEE3024,2026,1,EEE,제어공학기초,43,유관호,3,false,전공심화,Mon 13:30-14:45,자연과학,22410,,gls,4.04,2.41,4.74,3.06
EEE3032,2026,1,EEE,통신시스템,41,정민영,3,false,전공심화,Tue 12:00-13:15;Thu 13:30-14:45,자연과학,22211,,gls,5.0,3.0,3.0,3.0
EME2009,2026,1,EME,동역학,41,휴고로드리그,3,false,전공기반,Tue 16:30-17:45;Thu 15:00-16:15,자연과학,22312,,gls,4.54,2.9,4.62,4.2
EME3068,2026,1,EME,스마트카융합종합설계,41,황성호,3,false,실험실습,Tue 15:00-20:50,자연과학,22301,,gls,2.72,3.28,1.42,3.63
ERC2008,2026,1,ERC,기술경영개론,41,조근태,3,false,전공기반,Fri 15:00-16:15;Fri 16:30-17:45,자연과학,26421,,gls,4.34,1.91,4.82,3.3
ERC2008,2026,1,ERC,기술경영개론,42,조근태,3,false,전공기반,Fri 12:00-13:15;Fri 13:30-14:45,자연과학,,,gls,4.34,1.91,4.82,3.3
ESM3019,2026,1,ESM,생산관리,41,권대일,3,false,전공심화,Mon 10:30-11:45,자연과학,26108,,gls,4.08,2.8,4.5,3.3
ESM3061,2026,1,ESM,데이터마이닝,41,이수지,3,false,전공심화,Tue 13:30-14:45;Thu 12:00-13:15,자연과학,,,gls,4.88,3.04,4.94,4.36
ESM3074,2026,1,ESM,차세대컴퓨터인터페이스설계,41,이성일,3,false,전공심화,Tue 15:00-16:15,자연과학,26421,,gls,4.63,3.28,3.83,3.94
ESW4004,2026,1,ESW,분산컴퓨팅원론,41,남범석,3,false,전공(대학원),Tue 12:00-13:15;Thu 13:30-14:45,자연과학,48B115,,gls,4.67,3.0,3.0,3.0
ESW4014,2026,1,ESW,강화학습개론,41,우홍욱,3,false,전공(대학원),Mon 12:00-13:15;Mon 13:30-14:45,자연과학,85602,,gls,4.0,3.0,3.0,3.0
ESW7004,2026,1,ESW,AI및데이터기밀연산특론,41,우사이먼성일,3,false,전공(대학원),Thu 18:00-19:15,자연과학,85613,,gls,3.0,3.0,3.0,3.0
ICE2001,2026,1,ICE,논리회로,41,박준은,3,false,전공기반,Wed 10:30-11:45,자연과학,85702,,gls,4.74,4.43,5.0,4.2
ICE2001,2026,1,ICE,논리회로,42,박종구,3,false,전공기반,Mon 09:00-10:15;Wed 10:30-11:45,자연과학,36201,,gls,4.28,2.12,2.8,3.96
ICE2001,2026,1,ICE,논리회로,43,박형원,3,false,전공기반,Tue 10:30-11:45,자연과학,330118,,gls,4.49,3.59,3.14,3.3
ICE2001,2026,1,ICE,논리회로,44,박형원,3,false,전공기반,Wed 10:30-11:45,자연과학,36203,,gls,4.49,3.59,3.14,3.3
ICE2001,2026,1,ICE,논리회로,45,전종욱,3,false,전공기반,Wed 10:30-11:45,자연과학,400126,,gls,3.68,3.69,5.0,3.55
ICE2001,2026,1,ICE,논리회로,46,박종구,3,false,전공기반,Mon 10:30-11:45;Wed 09:00-10:15,자연과학,36201,,gls,4.28,2.12,2.8,3.96
ICE2001,2026,1,ICE,논리회로,47,이윤명,3,false,전공기반,Tue 15:00-16:15,자연과학,400126,,gls,4.63,2.52,5.0,3.94
ICE2005,2026,1,ICE,논리회로설계실험,41,박준은,2,false,실험실습,Mon 18:00-21:45,자연과학,22202,,gls,4.28,2.28,2.36,3.93
ICE2005,2026,1,ICE,논리회로설계실험,43,전일용,2,false,실험실습,Tue 21:00-21:45;Wed 18:00-20:50,자연과학,22202,,gls,4.2,2.02,2.38,4.4
ICE2005,2026,1,ICE,논리회로설계실험,44,김율화,2,false,실험실습,Thu 18:00-21:45,자연과학,22202,,gls,4.5,1.56,4.22,4.0
ICE2005,2026,1,ICE,논리회로설계실험,45,김율화,2,false,실험실습,Mon 18:00-21:45,자연과학,400126,,gls,4.5,1.56,4.22,4.0
ICE2005,2026,1,ICE,논리회로설계실험,46,박정우,2,false,실험실습,Tue 18:00-21:45,자연과학,400126,,gls,4.71,3.0,3.0,3.0
ICE2005,2026,1,ICE,논리회로설계실험,47,박정우,2,false,실험실습,Wed 18:00-21:45,자연과학,400126,,gls,4.71,3.0,3.0,3.0
ICE3001,2026,1,ICE,마이크로프로세서,41,비탈리파노프,3,false,전공심화,Tue 15:00-16:15;Thu 16:30-17:45,자연과학,22409,,gls,3.88,3.75,4.76,4.38
ICE3001,2026,1,ICE,마이크로프로세서,42,전재욱,3,false,전공심화,Mon 16:30-17:45,자연과학,400118,,gls,4.01,1.38,4.68,3.4
ICE3024,2026,1,ICE,디지털시스템,41,임완수,3,false,전공심화,Fri 09:00-10:15;Fri 10:30-11:45,자연과학,22203,,gls,4.55,2.12,4.98,4.34
ICE3029,2026,1,ICE,마이크로프로세서실험,41,전재욱,2,false,실험실습,Mon 18:00-21:45,자연과학,330102,,gls,4.31,1.82,4.9,3.77
ICE3037,2026,1,ICE,종합설계프로젝트,41,유현승,3,false,전공심화,Mon 18:00-19:15;Mon 19:30-20:45,자연과학,23529,,gls,3.0,3.0,3.0,3.0
ICE3037,2026,1,ICE,종합설계프로젝트,43,정조운,3,false,전공심화,Wed 18:00-19:15;Wed 19:30-20:45,자연과학,23529,,gls,4.5,3.0,3.0,3.0
ICE3037,2026,1,ICE,종합설계프로젝트,44,최창순,3,false,전공심화,Thu 18:00-19:15;Thu 19:30-20:45,자연과학,22003,,gls,3.0,3.0,3.0,3.0
ICE3037,2026,1,ICE,종합설계프로젝트,45,임완수,3,false,전공심화,Tue 18:00-19:15;Tue 19:30-20:45,자연과학,23529,,gls,3.0,3.0,3.0,3.0
ICE3037,2026,1,ICE,종합설계프로젝트,46,유재천,3,false,전공심화,Fri 12:00-13:15;Fri 13:30-14:45,자연과학,23529,,gls,4.16,3.75,2.0,3.92
ICE3043,2026,1,ICE,스마트카공학개론,41,전재욱,3,false,전공심화,Fri 09:00-10:15;Fri 10:30-11:45,자연과학,400126,,gls,3.78,3.72,4.82,3.66
ICE3045,2026,1,ICE,기계학습개론,41,전재욱,3,false,전공심화,Tue 10:30-11:45,자연과학,400126,,gls,3.68,2.49,4.86,3.56
ICE3045,2026,1,ICE,기계학습개론,42,권민혜,3,false,전공심화,Tue 12:00-13:15;Thu 13:30-14:45,자연과학,22410,,gls,3.44,3.78,4.78,3.34
ICE3051,2026,1,ICE,자율주행캡스톤디자인,41,전재욱,3,false,전공심화,Fri 15:00-16:15;Fri 16:30-17:45,자연과학,330102,,gls,4.8,3.0,1.54,4.46
ISW3002,2026,1,ISW,시계열데이터처리개론,41,심규홍,3,false,전공심화,Mon 09:00-10:15;Wed 10:30-11:45,자연과학,85602,,gls,4.85,4.7,5.0,4.07
ISW3003,2026,1,ISW,오픈소스AI실습,41,심규홍,2,false,실험실습,Wed 18:00-21:45,자연과학,85602,,gls,5.0,3.0,3.0,3.0
ISW3004,2026,1,ISW,인공지능윤리,41,박진영,3,false,전공심화,Wed 13:30-14:45,자연과학,85602,,gls,1.0,3.0,3.0,3.0
ISW3005,2026,1,ISW,확률그래프모델,41,박호건,3,false,전공심화,Wed 16:30-17:45,자연과학,85602,,gls,4.0,3.0,3.0,3.0
ISW3007,2026,1,ISW,통계분석,41,이종욱,3,false,전공기반,Tue 12:00-13:15;Thu 13:30-14:45,자연과학,85602,,gls,4.5,1.16,5.0,3.34
SFC4001,2026,1,SFC,스마트팩토리캡스톤디자인1,41,정종필,3,false,전공(대학원),Tue 18:00-19:15;Tue 19:30-20:45,자연과학,26515,,gls,2.63,1.64,1.4,4.13
SSE2026,2026,1,SSE,기초전기회로1,41,공배선,3,false,전공기반,Tue 13:30-14:45;Thu 12:00-13:15,자연과학,400126,,gls,3.98,3.46,4.72,3.12
SSE3061,2026,1,SSE,디지털시스템설계,41,김율화,3,false,전공심화,Mon 10:30-11:45;Wed 09:00-10:15,자연과학,400118,,gls,3.0,3.0,3.0,3.0
SWE2001,2026,1,SWE,시스템프로그램,41,우홍욱,3,true,전공기반,Mon 10:30-11:45,자연과학,85602,,gls,4.7,2.88,4.8,4.62
SWE2001,2026,1,SWE,시스템프로그램,42,최형기,3,true,전공기반,Mon 10:30-11:45;Wed 09:00-10:15,자연과학,26310,,gls,4.08,2.3,4.78,2.9
SWE2001,2026,1,SWE,시스템프로그램,43,엄영익,3,true,전공기반,Thu 13:30-14:45,자연과학,26310,,gls,4.69,2.72,4.46,3.42
SWE2015,2026,1,SWE,자료구조개론,41,이한국,3,true,전공기반,Mon 09:00-10:15;Wed 10:30-11:45,자연과학,26515,,gls,4.62,2.92,4.8,4.04
SWE2015,2026,1,SWE,자료구조개론,42,염익준,3,true,전공기반,Wed 09:00-10:15;Wed 10:30-11:45,자연과학,,,gls,4.34,2.74,4.86,4.02
SWE2016,2026,1,SWE,알고리즘개론,41,허재필,3,true,전공기반,Mon 12:00-13:15,자연과학,26310,,gls,4.62,2.66,4.78,3.8
SWE2016,2026,1,SWE,알고리즘개론,42,허재필,3,true,전공기반,Mon 13:30-14:45,자연과학,26310,,gls,4.62,2.66,4.78,3.8
SWE2020,2026,1,SWE,컴퓨터개론,41,최정환,2,false,전공기반,Mon 13:00-14:50,자연과학,400126,,gls,3.13,3.0,3.0,3.0
SWE2021,2026,1,SWE,오픈소스소프트웨어실습,41,박진영,2,false,실험실습,Wed 18:00-21:45,자연과학,26310,,gls,4.39,2.94,4.88,4.16
SWE2023,2026,1,SWE,JAVA프로그래밍실습,42,한환수,2,false,실험실습,Tue 18:00-21:45,자연과학,85613,,gls,3.44,2.6,2.92,3.32
SWE2024,2026,1,SWE,시스템프로그래밍실습,41,한환수,2,false,실험실습,Wed 18:00-21:45,자연과학,26312,,gls,4.0,1.82,4.92,3.08
SWE2026,2026,1,SWE,문제해결,41,조재민,3,false,전공,Thu 10:30-11:45,자연과학,85602,,gls,4.88,3.44,4.8,4.26
SWE2026,2026,1,SWE,문제해결,42,이한국,3,false,전공,Tue 15:00-16:15,자연과학,85602,,gls,4.83,3.0,3.0,3.0
SWE2028,2026,1,SWE,산학협력프로젝트,41,우홍욱,1,false,전공심화,미지정,자연과학,,,gls,5.0,3.0,3.0,3.0
SWE3002,2026,1,SWE,소프트웨어공학개론,41,이은석,3,true,전공기반,Fri 15:00-16:15,자연과학,85613,,gls,2.96,1.44,1.46,3.24
SWE3002,2026,1,SWE,소프트웨어공학개론,42,차수영,3,true,전공기반,Tue 10:30-11:45;Thu 09:00-10:15,자연과학,,,gls,3.86,2.3,1.64,3.48
SWE3003,2026,1,SWE,데이터베이스개론,41,남범석,3,true,전공기반,Mon 12:00-13:15;Wed 13:30-14:45,자연과학,26515,,gls,4.37,2.76,4.9,4.16
SWE3003,2026,1,SWE,데이터베이스개론,42,김응모,3,true,전공기반,Fri 09:00-10:15;Fri 10:30-11:45,자연과학,,,gls,3.98,4.58,4.84,2.74
SWE3004,2026,1,SWE,운영체제,41,서의성,3,true,전공기반,Tue 15:00-16:15;Thu 16:30-17:45,자연과학,26310,,gls,4.68,1.6,4.92,3.56
SWE3004,2026,1,SWE,운영체제,42,서의성,3,true,전공기반,Tue 12:00-13:15;Thu 13:30-14:45,자연과학,85613,,gls,4.68,1.6,4.92,3.56
SWE3004,2026,1,SWE,운영체제,43,서의성,3,true,전공기반,Tue 13:30-14:45;Thu 12:00-13:15,자연과학,85602,,gls,4.68,1.6,4.92,3.56
SWE3005,2026,1,SWE,컴퓨터구조개론,41,민동문,3,true,전공기반,Tue 13:30-14:45;Thu 12:00-13:15,자연과학,26310,,gls,4.89,2.98,4.06,3.83
SWE3005,2026,1,SWE,컴퓨터구조개론,42,민동문,3,true,전공기반,Tue 10:30-11:45,자연과학,85602,,gls,4.89,2.98,4.06,3.83
SWE3006,2026,1,SWE,프로그래밍언어,41,황성재,3,true,전공기반,Wed 12:00-13:15,자연과학,26310,,gls,4.76,2.62,4.9,4.32
SWE3006,2026,1,SWE,프로그래밍언어,42,한환수,3,true,전공기반,Thu 15:00-16:15,자연과학,26310,,gls,4.25,2.72,4.86,3.62
SWE3008,2026,1,SWE,컴퓨터그래픽스개론,41,이성길,3,false,전공심화,Tue 16:30-17:45,자연과학,26312,,gls,4.47,2.18,4.21,3.81
SWE3011,2026,1,SWE,인공지능개론,41,박진영,3,true,전공심화,Wed 15:00-16:15,자연과학,26310,,gls,2.84,2.62,3.3,3.3
SWE3011,2026,1,SWE,인공지능개론,42,박호건,3,true,전공심화,Thu 10:30-11:45,자연과학,26310,,gls,3.11,2.38,4.49,2.64
SWE3022,2026,1,SWE,컴퓨터네트웍개론,41,추현승,3,true,전공심화,Mon 10:30-11:45,자연과학,26312,,gls,3.24,2.05,4.84,3.12
SWE3023,2026,1,SWE,소프트웨어특강1,41,이선재,3,false,전공심화,Mon 09:00-10:15;Wed 10:30-11:45,자연과학,85613,,gls,4.0,3.0,3.0,3.0
SWE3025,2026,1,SWE,정보보호개론,41,구형준,3,false,전공심화,Thu 16:30-17:45,자연과학,26312,,gls,3.89,2.9,4.94,3.28
SWE3026,2026,1,SWE,확률과랜덤프로세스,41,우사이먼성일,3,false,전공기반,Mon 13:30-14:45,자연과학,400112,,gls,2.03,3.4,4.94,3.2
SWE3028,2026,1,SWE,캡스톤설계프로젝트,41,아에스아부하메드타메르,3,false,전공심화,Fri 12:00-13:15;Fri 13:30-14:45,자연과학,85718,,gls,5.0,3.0,3.0,3.0
SWE3031,2026,1,SWE,네트워크프로젝트,41,염익준,2,false,실험실습,Tue 18:00-21:45,자연과학,85602,,gls,4.56,2.6,4.22,4.03
SWE3032,2026,1,SWE,인공지능프로젝트,41,박호건,2,false,실험실습,Mon 18:00-21:45,자연과학,26310,,gls,3.81,2.6,1.85,3.6
SWE3042,2026,1,SWE,소프트웨어연구학점1,52,이장원,2,false,전공심화,미지정,자연과학,,,gls,3.0,3.0,3.0,3.0
SWE3043,2026,1,SWE,소프트웨어연구학점2,44,이장원,2,false,전공심화,미지정,자연과학,,,gls,3.0,3.0,3.0,3.0
SWE3047,2026,1,SWE,모바일앱프로그래밍실습,41,염익준,2,false,실험실습,Wed 18:00-21:45,자연과학,85613,,gls,4.57,2.54,4.78,4.0
SWE3050,2026,1,SWE,기계학습원론,41,아에스아부하메드타메르,3,true,전공심화,Wed 15:00-16:15,자연과학,85702,,gls,4.17,3.0,3.0,3.0
SWE3050,2026,1,SWE,기계학습원론,42,이지형,3,true,전공심화,Tue 10:30-11:45,자연과학,26310,,gls,4.62,2.22,4.82,3.22
SWE3050,2026,1,SWE,기계학습원론,43,조재민,3,true,전공심화,Thu 15:00-16:15,자연과학,85602,,gls,4.8,3.28,5.0,3.54
SWE3052,2026,1,SWE,심층신경망개론,41,박호건,3,false,전공심화,Tue 13:30-14:45,자연과학,26312,,gls,3.5,2.36,4.36,3.0
GEDI010,2026,1,GEDI,경제학입문,41,정해연,3,false,교양,Mon 10:30-11:45,자연과학,21534,,gls,4.5,3.0,3.0,3.0
GEDB020,2026,1,GEDB,고급미분적분학1,41,김현수,3,false,교양,Fri 12:00-13:15,자연과학,61209,,gls,4.47,2.94,4.78,3.55
GEDB004,2026,1,GEDB,공학수학1,41,최문택,3,false,교양,Wed 15:00-16:15,자연과학,23114,,gls,4.41,2.62,3.86,3.58
GEDB001,2026,1,GEDB,미분적분학1,41,이종락,3,false,교양,Mon 09:00-10:15;Wed 10:30-11:45,자연과학,,,gls,4.9,3.78,4.94,4.16
GEDB001,2026,1,GEDB,미분적분학1,42,정민교,3,false,교양,Mon 10:30-11:45;Wed 09:00-10:15,자연과학,,,gls,4.78,3.34,4.54,3.44
GEDB001,2026,1,GEDB,미분적분학1,43,배종식,3,false,교양,Mon 12:00-13:15;Wed 13:30-14:45,자연과학,,,gls,2.8,3.12,4.76,3.4
GEDB001,2026,1,GEDB,미분적분학1,44,오세진,3,false,교양,Mon 13:30-14:45;Wed 12:00-13:15,자연과학,32255,,gls,4.88,3.76,5.0,3.76
GEDB001,2026,1,GEDB,미분적분학1,45,김창헌,3,false,교양,Mon 15:00-16:15;Wed 16:30-17:45,자연과학,,,gls,4.2,3.58,4.9,3.08
GEDB001,2026,1,GEDB,미분적분학1,46,김현수,3,false,교양,Mon 16:30-17:45,자연과학,32255,,gls,4.43,3.28,4.8,3.42
GEDB001,2026,1,GEDB,미분적분학1,47,천창범,3,false,교양,Tue 09:00-10:15;Thu 10:30-11:45,자연과학,,,gls,4.5,3.38,4.68,3.53
GEDB001,2026,1,GEDB,미분적분학1,48,권순학,3,false,교양,Tue 10:30-11:45;Thu 09:00-10:15,자연과학,,,gls,4.63,3.32,4.82,4.04
GEDB001,2026,1,GEDB,미분적분학1,49,황진미,3,false,교양,Thu 13:30-14:45,자연과학,32255,,gls,4.23,3.28,4.82,2.96
GEDB001,2026,1,GEDB,미분적분학1,50,황진미,3,false,교양,Thu 12:00-13:15,자연과학,32255,,gls,4.23,3.28,4.82,2.96
GEDB001,2026,1,GEDB,미분적분학1,51,박배준,3,false,교양,Tue 15:00-16:15;Thu 16:30-17:45,자연과학,,,gls,4.87,3.61,4.92,3.51
GEDB001,2026,1,GEDB,미분적분학1,52,신보미,3,false,교양,Thu 15:00-16:15,자연과학,32255,,gls,4.89,2.78,4.92,3.36
GEDB001,2026,1,GEDB,미분적분학1,53,서이혁,3,false,교양,Fri 09:00-10:15;Fri 10:30-11:45,자연과학,,,gls,4.72,4.17,4.92,3.74
GEDB001,2026,1,GEDB,미분적분학1,54,정필규,3,false,교양,Fri 12:00-13:15;Fri 13:30-14:45,자연과학,,,gls,3.41,3.58,4.88,2.06
GEDB001,2026,1,GEDB,미분적분학1,55,김현수,3,false,교양,Fri 15:00-16:15,자연과학,32255,,gls,4.43,3.28,4.8,3.42
GEDB001,2026,1,GEDB,미분적분학1,56,안재영,3,false,교양,Mon 09:00-10:15;Wed 10:30-11:45,자연과학,31316,,gls,4.78,3.28,4.96,3.5
GEDB001,2026,1,GEDB,미분적분학1,57,오세진,3,false,교양,Mon 10:30-11:45;Wed 09:00-10:15,자연과학,51356,,gls,4.88,3.76,5.0,3.76
GEDB001,2026,1,GEDB,미분적분학1,58,윤석배,3,false,교양,Mon 12:00-13:15;Wed 13:30-14:45,자연과학,,,gls,4.72,3.88,4.72,3.74
GEDB001,2026,1,GEDB,미분적분학1,59,허정규,3,false,교양,Wed 12:00-13:15,자연과학,61209,,gls,4.17,3.0,3.0,3.0
GEDB001,2026,1,GEDB,미분적분학1,60,허정규,3,false,교양,Wed 16:30-17:45,자연과학,32255,,gls,4.17,3.0,3.0,3.0
GEDB001,2026,1,GEDB,미분적분학1,61,안재영,3,false,교양,Mon 16:30-17:45;Wed 15:00-16:15,자연과학,36207,,gls,4.78,3.28,4.96,3.5
GEDB001,2026,1,GEDB,미분적분학1,62,이영수,3,false,교양,Tue 09:00-10:15;Thu 10:30-11:45,자연과학,36207,,gls,4.8,3.3,4.78,3.98
GEDB001,2026,1,GEDB,미분적분학1,65,신보미,3,false,교양,Thu 16:30-17:45,자연과학,32255,,gls,4.89,2.78,4.92,3.36
GEDB001,2026,1,GEDB,미분적분학1,66,설한국,3,false,교양,Mon 12:00-13:15;Wed 13:30-14:45,자연과학,61304A,,gls,4.33,3.12,4.76,3.16
GEDB002,2026,1,GEDB,미분적분학2,41,박정형,3,false,교양,Fri 15:00-16:15;Fri 16:30-17:45,자연과학,,,gls,4.44,3.71,4.76,3.64
GEDB031,2026,1,GEDB,미분적분학실습1,41,정윤모,1,false,교양,Mon 09:00-10:50,자연과학,51152,,gls,3.0,3.0,3.0,3.0
GEDB031,2026,1,GEDB,미분적분학실습1,42,정윤모,1,false,교양,Wed 12:00-13:50,자연과학,62355,,gls,3.0,3.0,3.0,3.0
GEDB016,2026,1,GEDB,생명과학1,41,윤환수,3,false,교양,Thu 10:30-11:45,자연과학,61209,,gls,2.95,4.15,4.9,3.48
GEDB016,2026,1,GEDB,생명과학1,42,존아임스,3,false,교양,Tue 10:30-11:45;Thu 09:00-10:15,자연과학,,,gls,4.18,4.9,4.86,3.36
GEDB016,2026,1,GEDB,생명과학1,43,정수명,3,false,교양,Tue 12:00-13:15,자연과학,32255,,gls,4.93,4.36,5.0,4.21
GEDB016,2026,1,GEDB,생명과학1,44,박석희,3,false,교양,Thu 12:00-13:15,자연과학,61209,,gls,4.46,4.52,4.94,3.92
GEDB016,2026,1,GEDB,생명과학1,45,정수명,3,false,교양,Tue 15:00-16:15,자연과학,32255,,gls,4.93,4.36,5.0,4.21
GEDB016,2026,1,GEDB,생명과학1,46,최철용,3,false,교양,Thu 15:00-16:15,자연과학,61209,,gls,4.35,4.82,5.0,3.91
GEDB016,2026,1,GEDB,생명과학1,47,존아임스,3,false,교양,Mon 09:00-10:15;Wed 10:30-11:45,자연과학,51318,,gls,4.18,4.9,4.86,3.36
GEDB016,2026,1,GEDB,생명과학1,48,조홍백,3,false,교양,Mon 10:30-11:45,자연과학,32255,,gls,3.7,4.2,5.0,4.0
GEDB016,2026,1,GEDB,생명과학1,49,존아임스,3,false,교양,Mon 15:00-16:15;Wed 16:30-17:45,자연과학,62355,,gls,4.18,4.9,4.86,3.36
GEDB016,2026,1,GEDB,생명과학1,50,김지연,3,false,교양,Wed 15:00-16:15,자연과학,32255,,gls,4.71,3.0,2.06,3.58
GEDB017,2026,1,GEDB,생명과학실험1,41,이대한,1,false,교양,Mon 12:00-13:15,자연과학,32162A,,gls,4.29,2.14,3.14,3.58
GEDB017,2026,1,GEDB,생명과학실험1,42,권재영,1,false,교양,Mon 13:30-14:45,자연과학,32162A,,gls,4.89,2.78,3.54,3.72
GEDB017,2026,1,GEDB,생명과학실험1,43,김지연,1,false,교양,Tue 13:30-14:45,자연과학,32162A,,gls,3.67,3.0,3.0,3.0
GEDB017,2026,1,GEDB,생명과학실험1,44,조홍백,1,false,교양,Thu 12:00-13:15,자연과학,32162A,,gls,4.5,2.16,3.16,3.66
GEDB017,2026,1,GEDB,생명과학실험1,45,박석희,1,false,교양,Wed 12:00-13:15,자연과학,32162A,,gls,3.5,1.9,3.1,3.54
GEDB017,2026,1,GEDB,생명과학실험1,46,정수명,1,false,교양,Wed 13:30-14:45,자연과학,32162A,,gls,4.0,2.16,2.07,3.96
GEDB017,2026,1,GEDB,생명과학실험1,47,김승철,1,false,교양,Thu 13:30-14:45,자연과학,32162A,,gls,3.25,3.0,3.0,3.0
GEDB017,2026,1,GEDB,생명과학실험1,48,최철용,1,false,교양,Tue 12:00-13:15,자연과학,32162A,,gls,4.69,2.12,3.38,4.0
GEDB003,2026,1,GEDB,선형대수학,41,조나단액스텔,3,false,교양,Tue 09:00-10:15;Thu 10:30-11:45,자연과학,,,gls,3.35,2.68,4.62,2.88
GEDB003,2026,1,GEDB,선형대수학,42,킨카찬드라다스,3,false,교양,Tue 10:30-11:45;Thu 09:00-10:15,자연과학,36207,,gls,3.7,3.42,4.68,3.06
GEDB003,2026,1,GEDB,선형대수학,43,정민교,3,false,교양,Tue 15:00-16:15;Thu 16:30-17:45,자연과학,,,gls,4.8,3.0,3.0,3.0
GEDB003,2026,1,GEDB,선형대수학,44,나다나엘가르얀토,3,false,교양,Tue 16:30-17:45;Thu 15:00-16:15,자연과학,62306,,gls,3.58,2.78,4.52,2.62
GEDB003,2026,1,GEDB,선형대수학,45,나다나엘가르얀토,3,false,교양,Fri 09:00-10:15;Fri 10:30-11:45,자연과학,62306,,gls,3.58,2.78,4.52,2.62
GEDB007,2026,1,GEDB,이산수학,41,조나단액스텔,3,false,교양,Tue 15:00-16:15,자연과학,36109,,gls,4.59,3.78,4.92,3.08
GEDB007,2026,1,GEDB,이산수학,42,윤선미,3,false,교양,Tue 16:30-17:45;Thu 15:00-16:15,자연과학,,,gls,4.11,3.8,5.0,2.84
GEDB007,2026,1,GEDB,이산수학,43,조나단액스텔,3,false,교양,Thu 13:30-14:45,자연과학,36109,,gls,4.59,3.78,4.92,3.08
GEDB007,2026,1,GEDB,이산수학,44,이영수,3,false,교양,Mon 09:00-10:15;Wed 10:30-11:45,자연과학,51356,,gls,4.82,3.1,4.8,4.22
GEDB007,2026,1,GEDB,이산수학,45,홍연재,3,false,교양,Mon 10:30-11:45;Wed 09:00-10:15,자연과학,61209,,gls,4.0,3.0,3.0,3.0
GEDB008,2026,1,GEDB,일반물리학1,41,랍라하예,3,false,교양,Mon 09:00-10:15;Wed 10:30-11:45,자연과학,61208,,gls,4.63,2.72,4.58,3.87
GEDB008,2026,1,GEDB,일반물리학1,42,랍라하예,3,false,교양,Mon 10:30-11:45;Wed 09:00-10:15,자연과학,61208,,gls,4.63,2.72,4.58,3.87
GEDB008,2026,1,GEDB,일반물리학1,43,박성하,3,false,교양,Mon 12:00-13:15;Wed 13:30-14:45,자연과학,51318,,gls,4.87,3.58,4.96,4.38
GEDB008,2026,1,GEDB,일반물리학1,44,박성하,3,false,교양,Mon 13:30-14:45;Wed 12:00-13:15,자연과학,51318,,gls,4.87,3.58,4.96,4.38
GEDB008,2026,1,GEDB,일반물리학1,45,박성하,3,false,교양,Mon 15:00-16:15;Wed 16:30-17:45,자연과학,51318,,gls,4.87,3.58,4.96,4.38
GEDB008,2026,1,GEDB,일반물리학1,47,드리바데미시톨라,3,false,교양,Tue 09:00-10:15;Thu 10:30-11:45,자연과학,51318,,gls,4.63,3.04,4.76,4.32
GEDB008,2026,1,GEDB,일반물리학1,49,드리바데미시톨라,3,false,교양,Tue 12:00-13:15;Thu 13:30-14:45,자연과학,61208,,gls,4.63,3.04,4.76,4.32
GEDB008,2026,1,GEDB,일반물리학1,50,차승남,3,false,교양,Tue 13:30-14:45;Thu 12:00-13:15,자연과학,36105,,gls,4.77,3.52,4.78,4.22
GEDB008,2026,1,GEDB,일반물리학1,52,이명재,3,false,교양,Tue 16:30-17:45;Thu 15:00-16:15,자연과학,31214,,gls,4.61,2.76,4.88,3.92
GEDB008,2026,1,GEDB,일반물리학1,53,안종열,3,false,교양,Fri 09:00-10:15;Fri 10:30-11:45,자연과학,,,gls,4.32,3.76,4.94,3.96
GEDB008,2026,1,GEDB,일반물리학1,54,드리바데미시톨라,3,false,교양,Fri 12:00-13:15;Fri 13:30-14:45,자연과학,51318,,gls,4.63,3.04,4.76,4.32
GEDB008,2026,1,GEDB,일반물리학1,55,랍라하예,3,false,교양,Fri 15:00-16:15;Fri 16:30-17:45,자연과학,,,gls,4.63,2.72,4.58,3.87
GEDB008,2026,1,GEDB,일반물리학1,57,드리바데미시톨라,3,false,교양,Mon 10:30-11:45;Wed 09:00-10:15,자연과학,51318,,gls,4.63,3.04,4.76,4.32
GEDB008,2026,1,GEDB,일반물리학1,58,손병민,3,false,교양,Mon 12:00-13:15;Wed 13:30-14:45,자연과학,32255,,gls,4.8,3.18,5.0,4.7
GEDB008,2026,1,GEDB,일반물리학1,59,정동근,3,false,교양,Mon 13:30-14:45;Wed 12:00-13:15,자연과학,61306,,gls,3.61,3.0,4.92,3.36
GEDB008,2026,1,GEDB,일반물리학1,60,드리바데미시톨라,3,false,교양,Mon 15:00-16:15;Wed 16:30-17:45,자연과학,61208,,gls,4.63,3.04,4.76,4.32
GEDB008,2026,1,GEDB,일반물리학1,61,최광용,3,false,교양,Mon 16:30-17:45;Wed 15:00-16:15,자연과학,51318,,gls,4.6,3.08,4.76,4.12
GEDB008,2026,1,GEDB,일반물리학1,62,랍라하예,3,false,교양,Tue 10:30-11:45;Thu 09:00-10:15,자연과학,31214,,gls,4.63,2.72,4.58,3.87
GEDB008,2026,1,GEDB,일반물리학1,63,랍라하예,3,false,교양,Tue 12:00-13:15;Thu 13:30-14:45,자연과학,31214,,gls,4.63,2.72,4.58,3.87
GEDB008,2026,1,GEDB,일반물리학1,65,김범준,3,false,교양,Fri 09:00-10:15;Fri 10:30-11:45,자연과학,61304A,,gls,4.76,3.18,5.0,3.84
GEDB010,2026,1,GEDB,일반물리학2,41,호정원,3,false,교양,Tue 13:30-14:45;Thu 12:00-13:15,자연과학,36203,,gls,4.0,3.0,3.0,3.0
GEDB010,2026,1,GEDB,일반물리학2,42,김기강,3,false,교양,Wed 15:00-16:15,자연과학,31214,,gls,4.22,2.28,4.84,3.44
GEDB009,2026,1,GEDB,일반물리학실험1,41,김윤배,1,false,교양,Mon 12:00-13:15,자연과학,31252,,gls,3.76,1.54,3.08,4.1
GEDB009,2026,1,GEDB,일반물리학실험1,42,강원남,1,false,교양,Mon 12:00-13:15,자연과학,31255,,gls,4.03,2.0,3.7,3.75
GEDB009,2026,1,GEDB,일반물리학실험1,43,안종열,1,false,교양,Mon 13:30-14:45,자연과학,31252,,gls,4.07,1.72,2.72,3.53
GEDB009,2026,1,GEDB,일반물리학실험1,44,박두선,1,false,교양,Mon 13:30-14:45,자연과학,31255,,gls,4.65,1.85,2.32,3.84
GEDB009,2026,1,GEDB,일반물리학실험1,45,김영국,1,false,교양,Mon 15:00-16:15,자연과학,31252,,gls,4.41,1.68,3.22,3.9
GEDB009,2026,1,GEDB,일반물리학실험1,46,이명재,1,false,교양,Mon 15:00-16:15,자연과학,31255,,gls,4.86,3.0,3.0,3.0
GEDB009,2026,1,GEDB,일반물리학실험1,47,김윤배,1,false,교양,Tue 12:00-13:15,자연과학,31252,,gls,3.76,1.54,3.08,4.1
GEDB009,2026,1,GEDB,일반물리학실험1,48,안종열,1,false,교양,Tue 12:00-13:15,자연과학,31255,,gls,4.07,1.72,2.72,3.53
GEDB009,2026,1,GEDB,일반물리학실험1,49,안종열,1,false,교양,Tue 13:30-14:45,자연과학,31255,,gls,4.07,1.72,2.72,3.53
GEDB009,2026,1,GEDB,일반물리학실험1,50,박두선,1,false,교양,Tue 13:30-14:45,자연과학,31252,,gls,4.65,1.85,2.32,3.84
GEDB009,2026,1,GEDB,일반물리학실험1,51,김영국,1,false,교양,Tue 15:00-16:15,자연과학,31252,,gls,4.41,1.68,3.22,3.9
GEDB009,2026,1,GEDB,일반물리학실험1,52,최광용,1,false,교양,Tue 15:00-16:15,자연과학,31255,,gls,5.0,2.35,2.62,4.52
GEDB009,2026,1,GEDB,일반물리학실험1,53,황정식,1,false,교양,Wed 12:00-13:15,자연과학,31252,,gls,4.27,1.82,3.26,3.64
GEDB009,2026,1,GEDB,일반물리학실험1,54,이경하,1,false,교양,Wed 12:00-13:15,자연과학,31255,,gls,4.54,1.48,3.12,3.76
GEDB009,2026,1,GEDB,일반물리학실험1,55,손병민,1,false,교양,Wed 15:00-16:15,자연과학,31252,,gls,4.81,1.99,3.12,4.26
GEDB009,2026,1,GEDB,일반물리학실험1,56,김영국,1,false,교양,Thu 12:00-13:15,자연과학,31255,,gls,4.41,1.68,3.22,3.9
GEDB009,2026,1,GEDB,일반물리학실험1,58,박준영,1,false,교양,Wed 13:30-14:45,자연과학,31255,,gls,3.0,3.0,3.0,3.0
GEDB009,2026,1,GEDB,일반물리학실험1,59,황정식,1,false,교양,Wed 15:00-16:15,자연과학,31255,,gls,4.27,1.82,3.26,3.64
GEDB009,2026,1,GEDB,일반물리학실험1,60,김범규,1,false,교양,Thu 12:00-13:15,자연과학,31252,,gls,4.68,1.48,1.88,4.04
GEDB009,2026,1,GEDB,일반물리학실험1,61,최광용,1,false,교양,Thu 13:30-14:45,자연과학,31255,,gls,5.0,2.35,2.62,4.52
GEDB009,2026,1,GEDB,일반물리학실험1,62,손병민,1,false,교양,Thu 15:00-16:15,자연과학,31252,,gls,4.81,1.99,3.12,4.26
GEDB009,2026,1,GEDB,일반물리학실험1,63,박준영,1,false,교양,Thu 15:00-16:15,자연과학,31255,,gls,3.0,3.0,3.0,3.0
GEDB009,2026,1,GEDB,일반물리학실험1,64,손병민,1,false,교양,Fri 12:00-13:15,자연과학,31252,,gls,4.81,1.99,3.12,4.26
GEDB009,2026,1,GEDB,일반물리학실험1,65,손병민,1,false,교양,Thu 13:30-14:45,자연과학,31252,,gls,4.81,1.99,3.12,4.26
GEDB009,2026,1,GEDB,일반물리학실험1,66,이경하,1,false,교양,Wed 13:30-14:45,자연과학,31252,,gls,4.54,1.48,3.12,3.76
GEDB009,2026,1,GEDB,일반물리학실험1,67,박준영,1,false,교양,Fri 09:00-10:15,자연과학,31252,,gls,3.0,3.0,3.0,3.0
GEDB009,2026,1,GEDB,일반물리학실험1,68,최광용,1,false,교양,Tue 16:30-17:45,자연과학,31252,,gls,5.0,2.35,2.62,4.52
GEDB009,2026,1,GEDB,일반물리학실험1,69,손병민,1,false,교양,Thu 16:30-17:45,자연과학,31252,,gls,4.81,1.99,3.12,4.26
GEDB012,2026,1,GEDB,일반화학1,41,손성욱,3,false,교양,Mon 12:00-13:15;Wed 13:30-14:45,자연과학,330102,,gls,4.64,2.94,4.82,3.91
GEDB012,2026,1,GEDB,일반화학1,42,부진효,3,false,교양,Mon 13:30-14:45;Wed 12:00-13:15,자연과학,330102,,gls,2.93,2.78,4.84,3.2
GEDB012,2026,1,GEDB,일반화학1,43,타탄프렘쿠마르,3,false,교양,Mon 15:00-16:15;Wed 16:30-17:45,자연과학,330102,,gls,4.57,2.84,4.8,3.88
GEDB012,2026,1,GEDB,일반화학1,44,김인호,3,false,교양,Mon 16:30-17:45;Wed 15:00-16:15,자연과학,330102,,gls,5.0,3.0,3.0,3.0
GEDB012,2026,1,GEDB,일반화학1,45,타탄프렘쿠마르,3,false,교양,Tue 09:00-10:15;Thu 10:30-11:45,자연과학,330102,,gls,4.57,2.84,4.8,3.88
GEDB012,2026,1,GEDB,일반화학1,46,김영독,3,false,교양,Tue 10:30-11:45;Thu 09:00-10:15,자연과학,330102,,gls,4.57,3.08,4.82,3.8
GEDB012,2026,1,GEDB,일반화학1,47,이진용,3,false,교양,Tue 13:30-14:45;Thu 12:00-13:15,자연과학,330102,,gls,3.47,3.36,4.82,3.54
GEDB012,2026,1,GEDB,일반화학1,48,타탄프렘쿠마르,3,false,교양,Tue 15:00-16:15;Thu 16:30-17:45,자연과학,330102,,gls,4.57,2.84,4.8,3.88
GEDB012,2026,1,GEDB,일반화학1,49,윤완수,3,false,교양,Tue 16:30-17:45;Thu 15:00-16:15,자연과학,330102,,gls,4.26,2.72,4.7,3.6
GEDB012,2026,1,GEDB,일반화학1,53,정덕영,3,false,교양,Mon 10:30-11:45;Wed 09:00-10:15,자연과학,61304A,,gls,4.42,3.26,4.82,3.88
GEDB013,2026,1,GEDB,일반화학실험1,41,이효영,1,false,교양,Mon 11:00-12:50,자연과학,32201,,gls,4.71,1.7,1.82,4.06
GEDB013,2026,1,GEDB,일반화학실험1,42,고두현,1,false,교양,Mon 11:00-12:50,자연과학,32251,,gls,4.45,1.68,2.46,3.66
GEDB013,2026,1,GEDB,일반화학실험1,43,이효영,1,false,교양,Mon 13:00-14:50,자연과학,32201,,gls,4.71,1.7,1.82,4.06
GEDB013,2026,1,GEDB,일반화학실험1,44,고두현,1,false,교양,Mon 13:00-14:50,자연과학,32251,,gls,4.45,1.68,2.46,3.66
GEDB013,2026,1,GEDB,일반화학실험1,45,고영민,1,false,교양,Mon 15:00-16:50,자연과학,32201,,gls,4.38,1.74,2.08,3.5
GEDB013,2026,1,GEDB,일반화학실험1,46,강도형,1,false,교양,Mon 15:00-16:50,자연과학,32251,,gls,3.0,3.0,3.0,3.0
GEDB013,2026,1,GEDB,일반화학실험1,47,신광민,1,false,교양,Tue 11:00-12:50,자연과학,32201,,gls,4.8,1.73,2.17,3.64
GEDB013,2026,1,GEDB,일반화학실험1,48,손성욱,1,false,교양,Tue 11:00-12:50,자연과학,32251,,gls,4.37,1.96,2.74,3.44
GEDB013,2026,1,GEDB,일반화학실험1,49,강영훈,1,false,교양,Tue 11:00-12:50,자연과학,32254B,,gls,3.0,3.0,3.0,3.0
GEDB013,2026,1,GEDB,일반화학실험1,50,신광민,1,false,교양,Tue 13:00-14:50,자연과학,32201,,gls,4.8,1.73,2.17,3.64
GEDB013,2026,1,GEDB,일반화학실험1,51,손성욱,1,false,교양,Tue 13:00-14:50,자연과학,32251,,gls,4.37,1.96,2.74,3.44
GEDB013,2026,1,GEDB,일반화학실험1,52,강영훈,1,false,교양,Tue 13:00-14:50,자연과학,32254B,,gls,3.0,3.0,3.0,3.0
GEDB013,2026,1,GEDB,일반화학실험1,53,이효영,1,false,교양,Tue 15:00-16:50,자연과학,32201,,gls,4.71,1.7,1.82,4.06
GEDB013,2026,1,GEDB,일반화학실험1,54,강영훈,1,false,교양,Tue 15:00-16:50,자연과학,32254B,,gls,3.0,3.0,3.0,3.0
GEDB013,2026,1,GEDB,일반화학실험1,55,손성욱,1,false,교양,Wed 11:00-12:50,자연과학,32201,,gls,4.37,1.96,2.74,3.44
GEDB013,2026,1,GEDB,일반화학실험1,56,신광민,1,false,교양,Wed 11:00-12:50,자연과학,32251,,gls,4.8,1.73,2.17,3.64
GEDB013,2026,1,GEDB,일반화학실험1,57,고두현,1,false,교양,Wed 11:00-12:50,자연과학,32254B,,gls,4.45,1.68,2.46,3.66
GEDB013,2026,1,GEDB,일반화학실험1,58,강도형,1,false,교양,Wed 13:00-14:50,자연과학,32201,,gls,3.0,3.0,3.0,3.0
GEDB013,2026,1,GEDB,일반화학실험1,59,고두현,1,false,교양,Wed 13:00-14:50,자연과학,32251,,gls,4.45,1.68,2.46,3.66
GEDB013,2026,1,GEDB,일반화학실험1,60,신광민,1,false,교양,Wed 13:00-14:50,자연과학,32254B,,gls,4.8,1.73,2.17,3.64
GEDB013,2026,1,GEDB,일반화학실험1,61,고영민,1,false,교양,Wed 15:00-16:50,자연과학,32254B,,gls,4.38,1.74,2.08,3.5
GEDB013,2026,1,GEDB,일반화학실험1,62,신광민,1,false,교양,Thu 11:00-12:50,자연과학,32201,,gls,4.8,1.73,2.17,3.64
GEDB013,2026,1,GEDB,일반화학실험1,63,이효영,1,false,교양,Thu 11:00-12:50,자연과학,32251,,gls,4.71,1.7,1.82,4.06
GEDB013,2026,1,GEDB,일반화학실험1,64,손성욱,1,false,교양,Thu 13:00-14:50,자연과학,32201,,gls,4.37,1.96,2.74,3.44
GEDB013,2026,1,GEDB,일반화학실험1,65,강도형,1,false,교양,Thu 13:00-14:50,자연과학,32251,,gls,3.0,3.0,3.0,3.0
GEDB013,2026,1,GEDB,일반화학실험1,66,손성욱,1,false,교양,Thu 15:00-16:50,자연과학,32201,,gls,4.37,1.96,2.74,3.44
GEDB028,2026,1,GEDB,확률및통계,41,허다연,3,false,교양,Mon 09:00-10:15;Wed 10:30-11:45,자연과학,330110,,gls,4.61,3.6,4.9,3.34
GEDB028,2026,1,GEDB,확률및통계,42,최효정,3,false,교양,Mon 10:30-11:45;Wed 09:00-10:15,자연과학,22409,,gls,4.87,4.44,4.92,4.5
GEDB028,2026,1,GEDB,확률및통계,43,신지태,3,false,교양,Tue 12:00-13:15;Thu 13:30-14:45,자연과학,21534,,gls,2.8,2.88,5.0,2.6
GEDC010,2026,1,GEDC,성균논어,41,하나,2,false,교양,Mon 11:00-12:50,자연과학,36215,,gls,4.88,3.77,3.0,4.2
GEDC010,2026,1,GEDC,성균논어,42,정연수,2,false,교양,Mon 13:00-14:50,자연과학,36215,,gls,4.44,3.83,4.82,4.1
GEDC010,2026,1,GEDC,성균논어,43,이재규,2,false,교양,Mon 15:00-16:50,자연과학,36215,,gls,4.91,4.36,4.9,4.82
GEDC010,2026,1,GEDC,성균논어,44,길훈섭,2,false,교양,Tue 11:00-12:50,자연과학,36215,,gls,4.98,4.4,2.02,4.62
GEDC010,2026,1,GEDC,성균논어,45,길훈섭,2,false,교양,Tue 13:00-14:50,자연과학,36215,,gls,4.98,4.4,2.02,4.62
GEDC010,2026,1,GEDC,성균논어,46,임종수,2,false,교양,Tue 15:00-16:50,자연과학,36105,,gls,4.69,4.24,4.74,4.12
GEDC010,2026,1,GEDC,성균논어,47,김가람,2,false,교양,Wed 09:00-10:50,자연과학,36215,,gls,5.0,3.0,3.0,3.0
GEDC010,2026,1,GEDC,성균논어,48,김병목,2,false,교양,Wed 11:00-12:50,자연과학,36215,,gls,4.72,4.0,4.92,3.91
GEDC010,2026,1,GEDC,성균논어,49,김병목,2,false,교양,Wed 13:00-14:50,자연과학,36215,,gls,4.72,4.0,4.92,3.91
GEDC010,2026,1,GEDC,성균논어,50,김준태,2,false,교양,Thu 11:00-12:50,자연과학,36215,,gls,4.9,4.18,4.8,4.9
GEDC010,2026,1,GEDC,성균논어,51,김여진,2,false,교양,Thu 13:00-14:50,자연과학,36215,,gls,4.88,3.0,3.0,3.0
GEDC010,2026,1,GEDC,성균논어,52,윤민향,2,false,교양,Thu 15:00-16:50,자연과학,36105,,gls,4.9,3.38,4.26,4.72
GEDC010,2026,1,GEDC,성균논어,53,석승징,2,false,교양,Thu 09:00-10:50,자연과학,27515,,gls,3.0,3.0,3.0,3.0
GEDR014,2026,1,GEDR,실천리더십,41,김준태,2,false,교양,Thu 15:00-16:50,자연과학,26509,,gls,5.0,3.0,3.0,3.0
GEDG028,2026,1,GEDG,고급영어쓰기,41,매튜심슨,2,false,교양,Mon 10:30-11:45;Wed 09:00-10:15,자연과학,27517,,gls,3.39,1.51,2.78,2.22
GEDG006,2026,1,GEDG,과학영어,41,킴찰스바넷,2,false,교양,Mon 09:00-10:15;Wed 10:30-11:45,자연과학,27515,,gls,4.68,4.86,4.86,3.76
GEDG006,2026,1,GEDG,과학영어,42,킴찰스바넷,2,false,교양,Mon 10:30-11:45;Wed 09:00-10:15,자연과학,27515,,gls,4.68,4.86,4.86,3.76
GEDG034,2026,1,GEDG,글로벌영어,41,저스틴바라스,2,false,교양,Tue 09:00-10:15;Thu 10:30-11:45,자연과학,26504,,gls,4.33,3.18,3.18,3.64
GEDG034,2026,1,GEDG,글로벌영어,42,저스틴바라스,2,false,교양,Tue 10:30-11:45;Thu 09:00-10:15,자연과학,26504,,gls,4.33,3.18,3.18,3.64
GEDG034,2026,1,GEDG,글로벌영어,43,저스틴바라스,2,false,교양,Tue 12:00-13:15;Thu 13:30-14:45,자연과학,26504,,gls,4.33,3.18,3.18,3.64
GEDG034,2026,1,GEDG,글로벌영어,44,저스틴바라스,2,false,교양,Tue 13:30-14:45;Thu 12:00-13:15,자연과학,26504,,gls,4.33,3.18,3.18,3.64
GEDG007,2026,1,GEDG,문예영어,41,닉헤이즈,2,false,교양,Mon 09:00-10:15;Wed 10:30-11:45,자연과학,26508,,gls,3.28,1.26,1.88,2.72
GEDG007,2026,1,GEDG,문예영어,42,닉헤이즈,2,false,교양,Mon 10:30-11:45;Wed 09:00-10:15,자연과학,26508,,gls,3.28,1.26,1.88,2.72
GEDG007,2026,1,GEDG,문예영어,43,닉헤이즈,2,false,교양,Tue 13:30-14:45;Thu 12:00-13:15,자연과학,26508,,gls,3.28,1.26,1.88,2.72
GEDG005,2026,1,GEDG,비즈니스영어,41,매튜아담,2,false,교양,Mon 09:00-10:15;Wed 10:30-11:45,자연과학,27423,,gls,4.3,2.76,3.84,3.3
GEDG005,2026,1,GEDG,비즈니스영어,42,매튜아담,2,false,교양,Mon 10:30-11:45;Wed 09:00-10:15,자연과학,27423,,gls,4.3,2.76,3.84,3.3
GEDG005,2026,1,GEDG,비즈니스영어,43,매튜심슨,2,false,교양,Tue 09:00-10:15;Thu 10:30-11:45,자연과학,27517,,gls,3.12,2.06,2.05,2.26
GEDG005,2026,1,GEDG,비즈니스영어,44,매튜심슨,2,false,교양,Tue 10:30-11:45;Thu 09:00-10:15,자연과학,27517,,gls,3.12,2.06,2.05,2.26
GEDG041,2026,1,GEDG,아카데믹영어청취,41,윌리암히슬롭,2,false,교양,Tue 10:30-11:45;Thu 09:00-10:15,자연과학,26509,,gls,4.92,4.72,2.24,4.34
GEDG037,2026,1,GEDG,앙트레프레너십영어,41,죠나단펠란,2,false,교양,Tue 12:00-13:15;Thu 13:30-14:45,자연과학,27515,,gls,4.27,2.68,1.42,3.26
GEDG037,2026,1,GEDG,앙트레프레너십영어,42,죠나단펠란,2,false,교양,Tue 13:30-14:45;Thu 12:00-13:15,자연과학,27515,,gls,4.27,2.68,1.42,3.26
GEDG037,2026,1,GEDG,앙트레프레너십영어,43,죠나단펠란,2,false,교양,Tue 15:00-16:15;Thu 16:30-17:45,자연과학,27515,,gls,4.27,2.68,1.42,3.26
GEDG037,2026,1,GEDG,앙트레프레너십영어,44,죠나단펠란,2,false,교양,Tue 16:30-17:45;Thu 15:00-16:15,자연과학,27515,,gls,4.27,2.68,1.42,3.26
GEDG002,2026,1,GEDG,영어발표,41,매튜아담,2,false,교양,Tue 13:30-14:45;Thu 12:00-13:15,자연과학,27423,,gls,3.7,2.66,2.47,2.88
GEDG002,2026,1,GEDG,영어발표,42,킴찰스바넷,2,false,교양,Mon 12:00-13:15;Wed 13:30-14:45,자연과학,27515,,gls,4.79,3.58,3.56,4.42
GEDG002,2026,1,GEDG,영어발표,43,킴찰스바넷,2,false,교양,Mon 13:30-14:45;Wed 12:00-13:15,자연과학,27515,,gls,4.79,3.58,3.56,4.42
GEDG002,2026,1,GEDG,영어발표,44,매튜아담,2,false,교양,Tue 12:00-13:15;Thu 13:30-14:45,자연과학,27423,,gls,3.7,2.66,2.47,2.88
GEDG002,2026,1,GEDG,영어발표,45,닉헤이즈,2,false,교양,Mon 12:00-13:15;Wed 13:30-14:45,자연과학,26508,,gls,4.14,2.98,4.05,3.58
GEDG002,2026,1,GEDG,영어발표,46,닉헤이즈,2,false,교양,Mon 13:30-14:45;Wed 12:00-13:15,자연과학,26508,,gls,4.14,2.98,4.05,3.58
GEDG002,2026,1,GEDG,영어발표,48,대런호간,2,false,교양,Mon 13:30-14:45;Wed 12:00-13:15,자연과학,26506,,gls,4.08,3.26,2.2,3.26
GEDG002,2026,1,GEDG,영어발표,50,대런호간,2,false,교양,Tue 12:00-13:15;Thu 13:30-14:45,자연과학,26506,,gls,4.08,3.26,2.2,3.26
GEDG002,2026,1,GEDG,영어발표,51,대런호간,2,false,교양,Tue 13:30-14:45;Thu 12:00-13:15,자연과학,26506,,gls,4.08,3.26,2.2,3.26
GEDG002,2026,1,GEDG,영어발표,52,브라이언라파타,2,false,교양,Mon 12:00-13:15;Wed 13:30-14:45,자연과학,27425,,gls,4.2,2.86,3.16,3.59
GEDG002,2026,1,GEDG,영어발표,53,브라이언라파타,2,false,교양,Tue 12:00-13:15;Thu 13:30-14:45,자연과학,27425,,gls,4.2,2.86,3.16,3.59
GEDG002,2026,1,GEDG,영어발표,54,제프리라츠,2,false,교양,Tue 13:30-14:45;Thu 12:00-13:15,자연과학,27425,,gls,4.7,3.22,2.82,4.14
GEDG002,2026,1,GEDG,영어발표,55,제프리라츠,2,false,교양,Tue 15:00-16:15;Thu 16:30-17:45,자연과학,27425,,gls,4.7,3.22,2.82,4.14
GEDG002,2026,1,GEDG,영어발표,56,대런호간,2,false,교양,Mon 16:30-17:45;Wed 15:00-16:15,자연과학,26506,,gls,4.08,3.26,2.2,3.26
GEDG001,2026,1,GEDG,영어쓰기,41,매튜아담,2,false,교양,Tue 09:00-10:15;Thu 10:30-11:45,자연과학,27423,,gls,4.16,2.56,4.5,3.1
GEDG001,2026,1,GEDG,영어쓰기,42,매튜아담,2,false,교양,Tue 10:30-11:45;Thu 09:00-10:15,자연과학,27423,,gls,4.16,2.56,4.5,3.1
GEDG001,2026,1,GEDG,영어쓰기,44,저스틴바라스,2,false,교양,Mon 09:00-10:15;Wed 10:30-11:45,자연과학,26117,,gls,4.72,3.06,3.82,4.19
GEDG001,2026,1,GEDG,영어쓰기,45,저스틴바라스,2,false,교양,Mon 10:30-11:45;Wed 09:00-10:15,자연과학,26117,,gls,4.72,3.06,3.82,4.19
GEDG001,2026,1,GEDG,영어쓰기,46,대런호간,2,false,교양,Mon 12:00-13:15;Wed 13:30-14:45,자연과학,26506,,gls,3.94,2.8,3.9,3.2
GEDG001,2026,1,GEDG,영어쓰기,47,킴찰스바넷,2,false,교양,Tue 09:00-10:15;Thu 10:30-11:45,자연과학,26117,,gls,4.71,3.72,4.58,4.04
GEDG001,2026,1,GEDG,영어쓰기,48,오미영,2,false,교양,Mon 12:00-13:15;Wed 13:30-14:45,자연과학,26117,,gls,3.0,3.0,3.0,3.0
GEDG001,2026,1,GEDG,영어쓰기,49,킴찰스바넷,2,false,교양,Tue 10:30-11:45;Thu 09:00-10:15,자연과학,26117,,gls,4.71,3.72,4.58,4.04
GEDG001,2026,1,GEDG,영어쓰기,50,킴찰스바넷,2,false,교양,Tue 12:00-13:15;Thu 13:30-14:45,자연과학,26117,,gls,4.71,3.72,4.58,4.04
GEDG001,2026,1,GEDG,영어쓰기,51,킴찰스바넷,2,false,교양,Tue 13:30-14:45;Thu 12:00-13:15,자연과학,26117,,gls,4.71,3.72,4.58,4.04
GEDG001,2026,1,GEDG,영어쓰기,52,저스틴바라스,2,false,교양,Tue 15:00-16:15;Thu 16:30-17:45,자연과학,26504,,gls,4.72,3.06,3.82,4.19
GEDG001,2026,1,GEDG,영어쓰기,53,저스틴바라스,2,false,교양,Tue 16:30-17:45;Thu 15:00-16:15,자연과학,26504,,gls,4.72,3.06,3.82,4.19
GEDG001,2026,1,GEDG,영어쓰기,54,닉헤이즈,2,false,교양,Tue 09:00-10:15;Thu 10:30-11:45,자연과학,26508,,gls,4.07,2.64,4.34,3.3
GEDG001,2026,1,GEDG,영어쓰기,55,닉헤이즈,2,false,교양,Tue 10:30-11:45;Thu 09:00-10:15,자연과학,26508,,gls,4.07,2.64,4.34,3.3
GEDG001,2026,1,GEDG,영어쓰기,56,닉헤이즈,2,false,교양,Tue 12:00-13:15;Thu 13:30-14:45,자연과학,26508,,gls,4.07,2.64,4.34,3.3
GEDG001,2026,1,GEDG,영어쓰기,57,대런호간,2,false,교양,Mon 09:00-10:15;Wed 10:30-11:45,자연과학,26506,,gls,3.94,2.8,3.9,3.2
GEDG001,2026,1,GEDG,영어쓰기,58,대런호간,2,false,교양,Mon 10:30-11:45;Wed 09:00-10:15,자연과학,26506,,gls,3.94,2.8,3.9,3.2
GEDG001,2026,1,GEDG,영어쓰기,59,대런호간,2,false,교양,Tue 09:00-10:15;Thu 10:30-11:45,자연과학,26506,,gls,3.94,2.8,3.9,3.2
GEDG001,2026,1,GEDG,영어쓰기,60,윌리암히슬롭,2,false,교양,Mon 09:00-10:15;Wed 10:30-11:45,자연과학,26509,,gls,4.84,3.18,4.2,4.5
GEDG001,2026,1,GEDG,영어쓰기,61,윌리암히슬롭,2,false,교양,Mon 10:30-11:45;Wed 09:00-10:15,자연과학,26509,,gls,4.84,3.18,4.2,4.5
GEDG001,2026,1,GEDG,영어쓰기,62,윌리암히슬롭,2,false,교양,Mon 12:00-13:15;Wed 13:30-14:45,자연과학,26509,,gls,4.84,3.18,4.2,4.5
GEDG001,2026,1,GEDG,영어쓰기,63,윌리암히슬롭,2,false,교양,Mon 13:30-14:45;Wed 12:00-13:15,자연과학,26509,,gls,4.84,3.18,4.2,4.5
GEDG001,2026,1,GEDG,영어쓰기,64,윌리암히슬롭,2,false,교양,Tue 09:00-10:15;Thu 10:30-11:45,자연과학,26509,,gls,4.84,3.18,4.2,4.5
GEDG001,2026,1,GEDG,영어쓰기,65,죠나단펠란,2,false,교양,Mon 12:00-13:15;Wed 13:30-14:45,자연과학,27423,,gls,4.85,3.52,4.41,4.45
GEDG001,2026,1,GEDG,영어쓰기,66,죠나단펠란,2,false,교양,Mon 13:30-14:45;Wed 12:00-13:15,자연과학,27423,,gls,4.85,3.52,4.41,4.45
GEDG001,2026,1,GEDG,영어쓰기,67,죠나단펠란,2,false,교양,Mon 15:00-16:15;Wed 16:30-17:45,자연과학,27423,,gls,4.85,3.52,4.41,4.45
GEDG001,2026,1,GEDG,영어쓰기,68,죠나단펠란,2,false,교양,Mon 16:30-17:45;Wed 15:00-16:15,자연과학,27423,,gls,4.85,3.52,4.41,4.45
GEDG001,2026,1,GEDG,영어쓰기,69,브라이언라파타,2,false,교양,Mon 09:00-10:15;Wed 10:30-11:45,자연과학,27425,,gls,4.35,1.75,3.42,3.48
GEDG001,2026,1,GEDG,영어쓰기,70,브라이언라파타,2,false,교양,Mon 10:30-11:45;Wed 09:00-10:15,자연과학,27425,,gls,4.35,1.75,3.42,3.48
GEDG001,2026,1,GEDG,영어쓰기,71,브라이언라파타,2,false,교양,Tue 09:00-10:15;Thu 10:30-11:45,자연과학,27425,,gls,4.35,1.75,3.42,3.48
GEDG001,2026,1,GEDG,영어쓰기,72,브라이언라파타,2,false,교양,Tue 10:30-11:45;Thu 09:00-10:15,자연과학,27425,,gls,4.35,1.75,3.42,3.48
GEDG001,2026,1,GEDG,영어쓰기,73,제프리라츠,2,false,교양,Mon 15:00-16:15;Wed 16:30-17:45,자연과학,27425,,gls,4.52,2.52,4.13,3.8
GEDG001,2026,1,GEDG,영어쓰기,74,제프리라츠,2,false,교양,Mon 16:30-17:45;Wed 15:00-16:15,자연과학,27425,,gls,4.52,2.52,4.13,3.8
GEDG001,2026,1,GEDG,영어쓰기,75,매튜아담,2,false,교양,Tue 15:00-16:15;Thu 16:30-17:45,자연과학,27423,,gls,4.16,2.56,4.5,3.1
GEDG001,2026,1,GEDG,영어쓰기,76,제프리라츠,2,false,교양,Tue 16:30-17:45;Thu 15:00-16:15,자연과학,27425,,gls,4.52,2.52,4.13,3.8
GEDG001,2026,1,GEDG,영어쓰기,77,매튜심슨,2,false,교양,Tue 12:00-13:15;Thu 13:30-14:45,자연과학,27517,,gls,4.38,2.68,3.06,3.48
GEDG001,2026,1,GEDG,영어쓰기,78,매튜심슨,2,false,교양,Tue 13:30-14:45;Thu 12:00-13:15,자연과학,27517,,gls,4.38,2.68,3.06,3.48
GEDG001,2026,1,GEDG,영어쓰기,79,매튜심슨,2,false,교양,Tue 15:00-16:15;Thu 16:30-17:45,자연과학,27517,,gls,4.38,2.68,3.06,3.48
GEDG001,2026,1,GEDG,영어쓰기,80,주경진,2,false,교양,Wed 19:00-20:15;Wed 20:30-21:45,자연과학,26504,,gls,4.8,3.0,3.0,3.0
GEDG001,2026,1,GEDG,영어쓰기,K0,박희수,2,false,교양,Wed 19:00-20:15;Wed 20:30-21:45,자연과학,26506,,gls,3.0,3.0,3.0,3.0
GEDG001,2026,1,GEDG,영어쓰기,K1,오미영,2,false,교양,Wed 19:00-20:15;Wed 20:30-21:45,자연과학,26508,,gls,3.0,3.0,3.0,3.0
GEDG029,2026,1,GEDG,영어토론,43,저스틴바라스,2,false,교양,Mon 12:00-13:15;Wed 13:30-14:45,자연과학,26504,,gls,4.72,4.6,2.72,4.02
GEDG029,2026,1,GEDG,영어토론,44,저스틴바라스,2,false,교양,Mon 13:30-14:45;Wed 12:00-13:15,자연과학,26504,,gls,4.72,4.6,2.72,4.02
GEDG035,2026,1,GEDG,커리어영어,41,대런호간,2,false,교양,Tue 10:30-11:45;Thu 09:00-10:15,자연과학,26506,,gls,4.11,2.0,2.94,2.86
GEDG035,2026,1,GEDG,커리어영어,42,매튜심슨,2,false,교양,Mon 09:00-10:15;Wed 10:30-11:45,자연과학,27517,,gls,5.0,3.0,3.0,3.0
GEDG035,2026,1,GEDG,커리어영어,43,대런호간,2,false,교양,Mon 15:00-16:15;Wed 16:30-17:45,자연과학,26506,,gls,4.11,2.0,2.94,2.86
GEDW004,2026,1,GEDW,과학기술글쓰기,41,박상태,2,false,교양,Wed 10:30-11:45,자연과학,36209,,gls,4.06,1.9,1.64,3.59
GEDW004,2026,1,GEDW,과학기술글쓰기,42,박상태,2,false,교양,Wed 09:00-10:15,자연과학,36209,,gls,4.06,1.9,1.64,3.59
GEDW004,2026,1,GEDW,과학기술글쓰기,43,이혁주,2,false,교양,Wed 13:30-14:45,자연과학,36209,,gls,3.6,2.04,1.42,3.1
GEDW004,2026,1,GEDW,과학기술글쓰기,44,이혁주,2,false,교양,Wed 12:00-13:15,자연과학,36209,,gls,3.6,2.04,1.42,3.1
GEDW004,2026,1,GEDW,과학기술글쓰기,45,박상태,2,false,교양,Wed 15:00-16:15,자연과학,36209,,gls,4.06,1.9,1.64,3.59
GEDW004,2026,1,GEDW,과학기술글쓰기,46,이아름,2,false,교양,Thu 10:30-11:45,자연과학,23114,,gls,4.43,2.06,1.52,4.2
GEDW004,2026,1,GEDW,과학기술글쓰기,47,이아름,2,false,교양,Tue 10:30-11:45,자연과학,23114,,gls,4.43,2.06,1.52,4.2
GEDW004,2026,1,GEDW,과학기술글쓰기,48,이원석,2,false,교양,Thu 13:30-14:45,자연과학,23114,,gls,4.81,2.74,1.26,4.38
GEDW004,2026,1,GEDW,과학기술글쓰기,49,이원석,2,false,교양,Thu 12:00-13:15,자연과학,23114,,gls,4.81,2.74,1.26,4.38
GEDW004,2026,1,GEDW,과학기술글쓰기,50,노상도,2,false,교양,Tue 15:00-16:15;Thu 16:30-17:45,자연과학,23114,,gls,4.5,4.12,4.76,4.04
GEDW004,2026,1,GEDW,과학기술글쓰기,51,전현희,2,false,교양,Thu 15:00-16:15,자연과학,36209,,gls,3.52,2.31,1.26,3.71
GEDW004,2026,1,GEDW,과학기술글쓰기,52,전현희,2,false,교양,Thu 16:30-17:45,자연과학,36209,,gls,3.52,2.31,1.26,3.71
GEDW004,2026,1,GEDW,과학기술글쓰기,53,김종규,2,false,교양,Thu 15:00-16:15,자연과학,23114,,gls,4.25,2.66,1.82,3.66
GEDW004,2026,1,GEDW,과학기술글쓰기,54,박상태,2,false,교양,Wed 18:00-19:15;Wed 19:30-20:45,자연과학,61304A,,gls,4.06,1.9,1.64,3.59
GEDW004,2026,1,GEDW,과학기술글쓰기,55,이혁주,2,false,교양,Wed 16:30-17:45,자연과학,36105,,gls,3.6,2.04,1.42,3.1
GEDW004,2026,1,GEDW,과학기술글쓰기,56,이동훈,2,false,교양,Thu 15:00-16:15,자연과학,36103,,gls,3.0,3.0,3.0,3.0
GEDW018,2026,1,GEDW,발표와매체언어,41,김소연,2,false,교양,Tue 12:00-13:15;Tue 13:30-14:45,자연과학,27530,,gls,5.0,3.0,3.0,3.0
GEDW018,2026,1,GEDW,발표와매체언어,42,양지선,2,false,교양,Wed 12:00-13:15;Wed 13:30-14:45,자연과학,36319,,gls,4.75,3.0,3.0,3.0
GEDW019,2026,1,GEDW,발표와토의,41,양지선,3,false,교양,Wed 09:00-10:15;Wed 10:30-11:45,자연과학,36319,,gls,4.75,3.0,3.0,3.0
GEDW019,2026,1,GEDW,발표와토의,42,이유림,3,false,교양,Tue 15:00-16:15;Tue 16:30-17:45,자연과학,36319,,gls,3.0,3.0,3.0,3.0
GEDW019,2026,1,GEDW,발표와토의,43,김상아,3,false,교양,Thu 12:00-13:15;Thu 13:30-14:45,자연과학,36319,,gls,3.0,3.0,3.0,3.0
GEDW024,2026,1,GEDW,비판적사고,41,홍지호,2,false,교양,Wed 10:30-11:45,자연과학,23217,,gls,4.35,4.18,4.84,3.6
GEDW003,2026,1,GEDW,스피치와토론,41,심흥식,2,false,교양,Mon 09:00-10:15;Wed 10:30-11:45,자연과학,36107,,gls,4.28,3.58,3.38,4.3
GEDW003,2026,1,GEDW,스피치와토론,42,심흥식,2,false,교양,Mon 10:30-11:45;Wed 09:00-10:15,자연과학,36107,,gls,4.28,3.58,3.38,4.3
GEDW003,2026,1,GEDW,스피치와토론,43,우상수,2,false,교양,Mon 12:00-13:15;Wed 13:30-14:45,자연과학,36107,,gls,4.67,3.3,3.2,4.38
GEDW003,2026,1,GEDW,스피치와토론,44,우상수,2,false,교양,Mon 13:30-14:45;Wed 12:00-13:15,자연과학,36107,,gls,4.67,3.3,3.2,4.38
GEDW003,2026,1,GEDW,스피치와토론,45,김동규,2,false,교양,Mon 15:00-16:15;Wed 16:30-17:45,자연과학,36107,,gls,4.62,3.54,3.1,4.6
GEDW003,2026,1,GEDW,스피치와토론,46,김동규,2,false,교양,Mon 16:30-17:45;Wed 15:00-16:15,자연과학,36107,,gls,4.62,3.54,3.1,4.6
GEDW003,2026,1,GEDW,스피치와토론,47,송경희,2,false,교양,Tue 09:00-10:15;Thu 10:30-11:45,자연과학,27530,,gls,3.97,2.88,3.02,3.44
GEDW003,2026,1,GEDW,스피치와토론,48,송경희,2,false,교양,Tue 10:30-11:45;Thu 09:00-10:15,자연과학,27530,,gls,3.97,2.88,3.02,3.44
GEDW003,2026,1,GEDW,스피치와토론,49,전영란,2,false,교양,Tue 12:00-13:15;Thu 13:30-14:45,자연과학,36107,,gls,4.32,3.06,2.96,4.08
GEDW003,2026,1,GEDW,스피치와토론,50,전영란,2,false,교양,Tue 13:30-14:45;Thu 12:00-13:15,자연과학,36107,,gls,4.32,3.06,2.96,4.08
GEDW003,2026,1,GEDW,스피치와토론,51,이명선,2,false,교양,Tue 15:00-16:15;Thu 16:30-17:45,자연과학,36107,,gls,4.55,4.16,3.4,3.94
GEDW003,2026,1,GEDW,스피치와토론,52,이명선,2,false,교양,Tue 16:30-17:45;Thu 15:00-16:15,자연과학,36107,,gls,4.55,4.16,3.4,3.94
GEDW003,2026,1,GEDW,스피치와토론,53,한성일,2,false,교양,Tue 12:00-13:15;Thu 13:30-14:45,자연과학,36103,,gls,3.99,3.22,3.14,3.3
GEDW003,2026,1,GEDW,스피치와토론,54,한성일,2,false,교양,Tue 13:30-14:45;Thu 12:00-13:15,자연과학,36103,,gls,3.99,3.22,3.14,3.3
GEDW003,2026,1,GEDW,스피치와토론,55,전영란,2,false,교양,Tue 15:00-16:15;Thu 16:30-17:45,자연과학,36103,,gls,4.32,3.06,2.96,4.08
GEDW003,2026,1,GEDW,스피치와토론,56,이상철,2,false,교양,Fri 09:00-10:15;Fri 10:30-11:45,자연과학,61352,,gls,3.92,3.14,3.08,3.48
GEDW008,2026,1,GEDW,의사소통1,41,최주희,2,false,교양,Wed 09:00-10:15;Wed 10:30-11:45,자연과학,26504,,gls,4.9,2.2,3.2,4.0
GEDW008,2026,1,GEDW,의사소통1,42,김미영,2,false,교양,Tue 15:00-16:15;Tue 16:30-17:45,자연과학,26506,,gls,3.0,3.0,3.0,3.0
GEDW009,2026,1,GEDW,의사소통2,41,양지선,2,false,교양,Mon 12:00-13:15;Mon 13:30-14:45,자연과학,36319,,gls,4.5,3.0,3.0,3.0
GEDW009,2026,1,GEDW,의사소통2,42,양태영,2,false,교양,Mon 12:00-13:15;Mon 13:30-14:45,자연과학,36201,,gls,3.0,3.0,3.0,3.0
GEDW013,2026,1,GEDW,의사소통3,41,최주희,2,false,교양,Mon 12:00-13:15;Mon 13:30-14:45,자연과학,27530,,gls,4.5,3.0,3.0,3.0
GEDW013,2026,1,GEDW,의사소통3,42,정미혜,2,false,교양,Mon 12:00-13:15;Mon 13:30-14:45,자연과학,36109,,gls,3.0,3.0,3.0,3.0
GEDW013,2026,1,GEDW,의사소통3,43,최주희,2,false,교양,Mon 15:00-16:15;Mon 16:30-17:45,자연과학,27530,,gls,4.5,3.0,3.0,3.0
GEDW014,2026,1,GEDW,의사소통4,41,정미혜,2,false,교양,Wed 15:00-16:15;Wed 16:30-17:45,자연과학,36319,,gls,3.0,3.0,3.0,3.0
GEDW014,2026,1,GEDW,의사소통4,42,김영희,2,false,교양,Thu 12:00-13:15;Thu 13:30-14:45,자연과학,27530,,gls,3.0,3.0,3.0,3.0
GEDW014,2026,1,GEDW,의사소통4,43,김소연,2,false,교양,Wed 12:00-13:15;Wed 13:30-14:45,자연과학,27530,,gls,3.0,3.0,3.0,3.0
GEDW001,2026,1,GEDW,창의적글쓰기,41,조은정,2,false,교양,Mon 09:00-10:15;Wed 10:30-11:45,자연과학,36101,,gls,4.68,2.66,4.32,4.26
GEDW001,2026,1,GEDW,창의적글쓰기,42,조은정,2,false,교양,Mon 10:30-11:45;Wed 09:00-10:15,자연과학,36101,,gls,4.68,2.66,4.32,4.26
GEDW001,2026,1,GEDW,창의적글쓰기,43,손광식,2,false,교양,Mon 12:00-13:15;Wed 13:30-14:45,자연과학,36101,,gls,3.85,1.78,3.78,3.06
GEDW001,2026,1,GEDW,창의적글쓰기,44,손광식,2,false,교양,Mon 13:30-14:45;Wed 12:00-13:15,자연과학,36101,,gls,3.85,1.78,3.78,3.06
GEDW001,2026,1,GEDW,창의적글쓰기,45,손광식,2,false,교양,Mon 15:00-16:15;Wed 16:30-17:45,자연과학,36101,,gls,3.85,1.78,3.78,3.06
GEDW001,2026,1,GEDW,창의적글쓰기,46,김강은,2,false,교양,Mon 16:30-17:45;Wed 15:00-16:15,자연과학,36101,,gls,4.88,2.76,4.82,4.62
GEDW001,2026,1,GEDW,창의적글쓰기,47,권용혜,2,false,교양,Tue 09:00-10:15;Thu 10:30-11:45,자연과학,36101,,gls,4.54,3.1,4.24,3.18
GEDW001,2026,1,GEDW,창의적글쓰기,48,권용혜,2,false,교양,Tue 10:30-11:45;Thu 09:00-10:15,자연과학,36101,,gls,4.54,3.1,4.24,3.18
GEDW001,2026,1,GEDW,창의적글쓰기,49,곽유석,2,false,교양,Tue 12:00-13:15;Thu 13:30-14:45,자연과학,36101,,gls,4.7,3.92,4.78,4.06
GEDW001,2026,1,GEDW,창의적글쓰기,50,임경순,2,false,교양,Tue 13:30-14:45;Thu 12:00-13:15,자연과학,36101,,gls,4.3,2.5,2.94,3.66
GEDW001,2026,1,GEDW,창의적글쓰기,51,임경순,2,false,교양,Tue 15:00-16:15;Thu 16:30-17:45,자연과학,36101,,gls,4.3,2.5,2.94,3.66
GEDW001,2026,1,GEDW,창의적글쓰기,52,임경순,2,false,교양,Tue 16:30-17:45;Thu 15:00-16:15,자연과학,36101,,gls,4.3,2.5,2.94,3.66
GEDW001,2026,1,GEDW,창의적글쓰기,53,심선옥,2,false,교양,Mon 09:00-10:15;Wed 10:30-11:45,자연과학,36103,,gls,3.96,1.64,4.07,3.3
GEDW001,2026,1,GEDW,창의적글쓰기,54,심선옥,2,false,교양,Mon 10:30-11:45;Wed 09:00-10:15,자연과학,36103,,gls,3.96,1.64,4.07,3.3
GEDW001,2026,1,GEDW,창의적글쓰기,55,심선옥,2,false,교양,Mon 12:00-13:15;Wed 13:30-14:45,자연과학,36103,,gls,3.96,1.64,4.07,3.3
GEDW001,2026,1,GEDW,창의적글쓰기,56,한진일,2,false,교양,Mon 13:30-14:45;Wed 12:00-13:15,자연과학,36103,,gls,3.9,2.34,4.66,3.75
GEDW001,2026,1,GEDW,창의적글쓰기,57,한진일,2,false,교양,Mon 15:00-16:15;Wed 16:30-17:45,자연과학,36103,,gls,3.9,2.34,4.66,3.75
GEDW001,2026,1,GEDW,창의적글쓰기,58,한진일,2,false,교양,Mon 16:30-17:45;Wed 15:00-16:15,자연과학,36103,,gls,3.9,2.34,4.66,3.75
GEDW023,2026,1,GEDW,학술보고서바로쓰기,41,조운아,2,false,교양,Tue 09:00-10:50,자연과학,36201,,gls,3.0,3.0,3.0,3.0
GEDW023,2026,1,GEDW,학술보고서바로쓰기,42,조운아,2,false,교양,Tue 11:00-12:50,자연과학,36201,,gls,3.0,3.0,3.0,3.0
GEDW023,2026,1,GEDW,학술보고서바로쓰기,43,이유림,2,false,교양,Tue 13:00-14:50,자연과학,36201,,gls,3.0,3.0,3.0,3.0
GEDW002,2026,1,GEDW,학술적글쓰기,41,김주일,2,false,교양,Mon 09:00-10:15;Wed 10:30-11:45,자연과학,36205,,gls,3.34,1.78,2.46,3.12
GEDW002,2026,1,GEDW,학술적글쓰기,42,김주일,2,false,교양,Mon 10:30-11:45;Wed 09:00-10:15,자연과학,36205,,gls,3.34,1.78,2.46,3.12
GEDW002,2026,1,GEDW,학술적글쓰기,43,김상현,2,false,교양,Mon 12:00-13:15;Wed 13:30-14:45,자연과학,36205,,gls,4.15,3.92,2.6,3.22
GEDW002,2026,1,GEDW,학술적글쓰기,44,김상현,2,false,교양,Mon 13:30-14:45;Wed 12:00-13:15,자연과학,36205,,gls,4.15,3.92,2.6,3.22
GEDW002,2026,1,GEDW,학술적글쓰기,45,조현수,2,false,교양,Mon 15:00-16:15;Wed 16:30-17:45,자연과학,36205,,gls,1.0,3.0,3.0,3.0
GEDW002,2026,1,GEDW,학술적글쓰기,46,조현수,2,false,교양,Mon 16:30-17:45;Wed 15:00-16:15,자연과학,36205,,gls,1.0,3.0,3.0,3.0
GEDW002,2026,1,GEDW,학술적글쓰기,47,우환식,2,false,교양,Tue 09:00-10:15;Thu 10:30-11:45,자연과학,36205,,gls,4.26,2.7,3.7,3.9
GEDW002,2026,1,GEDW,학술적글쓰기,48,우환식,2,false,교양,Tue 10:30-11:45;Thu 09:00-10:15,자연과학,36205,,gls,4.26,2.7,3.7,3.9
GEDW002,2026,1,GEDW,학술적글쓰기,49,원만희,2,false,교양,Tue 12:00-13:15;Thu 13:30-14:45,자연과학,36205,,gls,3.85,2.52,3.0,3.44
GEDW002,2026,1,GEDW,학술적글쓰기,50,원만희,2,false,교양,Tue 13:30-14:45;Thu 12:00-13:15,자연과학,36205,,gls,3.85,2.52,3.0,3.44
GEDW002,2026,1,GEDW,학술적글쓰기,51,하주영,2,false,교양,Tue 15:00-16:15;Thu 16:30-17:45,자연과학,36205,,gls,3.84,2.6,2.4,3.42
GEDW002,2026,1,GEDW,학술적글쓰기,52,하주영,2,false,교양,Tue 16:30-17:45;Thu 15:00-16:15,자연과학,36205,,gls,3.84,2.6,2.4,3.42
GEDW002,2026,1,GEDW,학술적글쓰기,53,이창후,2,false,교양,Mon 09:00-10:15;Wed 10:30-11:45,자연과학,36105,,gls,3.17,2.8,4.26,2.6
GEDW002,2026,1,GEDW,학술적글쓰기,54,이창후,2,false,교양,Mon 10:30-11:45;Wed 09:00-10:15,자연과학,36105,,gls,3.17,2.8,4.26,2.6
GEDW002,2026,1,GEDW,학술적글쓰기,55,이창후,2,false,교양,Mon 12:00-13:15;Wed 13:30-14:45,자연과학,36105,,gls,3.17,2.8,4.26,2.6
GEDW002,2026,1,GEDW,학술적글쓰기,56,우환식,2,false,교양,"토09:00-10:15【미지정】,토10:30-11:45【미지정】",자연과학,,,gls,4.26,2.7,3.7,3.9
GEDW002,2026,1,GEDW,학술적글쓰기,57,김주일,2,false,교양,"토09:00-10:15【미지정】,토10:30-11:45【미지정】",자연과학,,,gls,3.34,1.78,2.46,3.12
GEDW002,2026,1,GEDW,학술적글쓰기,58,김태경,2,false,교양,"토09:00-10:15【미지정】,토10:30-11:45【미지정】",자연과학,,,gls,3.8,2.98,1.48,3.59
GEDW022,2026,1,GEDW,한국어문장의이해,41,김미영,2,false,교양,Tue 09:00-10:50,자연과학,36319,,gls,4.5,3.0,3.0,3.0
GEDW022,2026,1,GEDW,한국어문장의이해,42,이유림,2,false,교양,Tue 11:00-12:50,자연과학,36319,,gls,3.0,3.0,3.0,3.0
GEDT013,2026,1,GEDT,사고와표현,41,김미리,3,false,교양,Tue 12:00-13:15;Tue 13:30-14:45,자연과학,26509,,gls,3.0,3.0,3.0,3.0
GEDT013,2026,1,GEDT,사고와표현,42,오정미,3,false,교양,Wed 12:00-13:15;Wed 13:30-14:45,자연과학,36207,,gls,3.0,3.0,3.0,3.0
GEDT013,2026,1,GEDT,사고와표현,43,최주희,3,false,교양,Tue 09:00-10:15;Tue 10:30-11:45,자연과학,36209,,gls,3.0,3.0,3.0,3.0
GEDT010,2026,1,GEDT,창의와사유의기초,41,양태영,2,false,교양,Wed 15:00-16:15;Wed 16:30-17:45,자연과학,26504,,gls,3.6,3.0,3.0,3.0
GEDT010,2026,1,GEDT,창의와사유의기초,42,정미혜,2,false,교양,Wed 12:00-13:15;Wed 13:30-14:45,자연과학,36109,,gls,3.0,3.0,3.0,3.0
GEDT006,2026,1,GEDT,창의적사고,41,이화선,2,false,교양,Tue 13:00-14:50,자연과학,36109,,gls,4.55,2.44,3.56,4.07
GEDT017,2026,1,GEDT,창의적융합디자인,41,임수연,3,false,교양,Fri 16:00-17:50,자연과학,36109,,gls,4.05,2.48,1.3,3.86
GEDT017,2026,1,GEDT,창의적융합디자인,42,김현미,3,false,교양,Fri 10:00-11:50,자연과학,36215,,gls,3.5,3.0,3.0,3.0
GEDT017,2026,1,GEDT,창의적융합디자인,43,이혜진,3,false,교양,Fri 10:00-11:50,자연과학,36101,,gls,4.41,2.64,1.1,3.6
GEDT017,2026,1,GEDT,창의적융합디자인,44,이오륜,3,false,교양,Fri 10:00-11:50,자연과학,36201,,gls,5.0,3.0,3.0,3.0
GEDT017,2026,1,GEDT,창의적융합디자인,45,박은영,3,false,교양,Fri 10:00-11:50,자연과학,36203,,gls,5.0,3.0,3.0,3.0
GEDT017,2026,1,GEDT,창의적융합디자인,46,이경진,3,false,교양,Fri 10:00-11:50,자연과학,36103,,gls,5.0,3.0,3.0,3.0
GEDT017,2026,1,GEDT,창의적융합디자인,47,이하나,3,false,교양,Fri 10:00-11:50,자연과학,36107,,gls,2.78,2.08,1.24,2.84
GEDT017,2026,1,GEDT,창의적융합디자인,48,강정원,3,false,교양,Fri 10:00-11:50,자연과학,36205,,gls,3.0,3.0,3.0,3.0
GEDT017,2026,1,GEDT,창의적융합디자인,49,이화선,3,false,교양,Fri 10:00-11:50,자연과학,36109,,gls,4.34,2.54,1.26,3.64
GEDT017,2026,1,GEDT,창의적융합디자인,50,심성한,3,false,교양,Fri 10:00-11:50,자연과학,36207,,gls,3.02,2.56,1.44,3.16
GEDT017,2026,1,GEDT,창의적융합디자인,51,정동근,3,false,교양,Fri 10:00-11:50,자연과학,36209,,gls,2.7,2.48,1.28,3.18
GEDT017,2026,1,GEDT,창의적융합디자인,52,이중석,3,false,교양,Fri 12:00-13:50,자연과학,36209,,gls,3.0,3.0,3.0,3.0
GEDT017,2026,1,GEDT,창의적융합디자인,53,이혜진,3,false,교양,Fri 12:00-13:50,자연과학,36101,,gls,4.41,2.64,1.1,3.6
GEDT017,2026,1,GEDT,창의적융합디자인,54,이경진,3,false,교양,Fri 12:00-13:50,자연과학,36103,,gls,5.0,3.0,3.0,3.0
GEDT017,2026,1,GEDT,창의적융합디자인,55,이하나,3,false,교양,Fri 12:00-13:50,자연과학,36107,,gls,2.78,2.08,1.24,2.84
GEDT017,2026,1,GEDT,창의적융합디자인,56,정다은,3,false,교양,Fri 12:00-13:50,자연과학,36205,,gls,3.85,2.78,1.24,3.76
GEDT017,2026,1,GEDT,창의적융합디자인,57,김소형,3,false,교양,Fri 12:00-13:50,자연과학,36207,,gls,4.18,2.54,1.36,4.29
GEDT017,2026,1,GEDT,창의적융합디자인,58,이경성,3,false,교양,Fri 12:00-13:50,자연과학,36215,,gls,2.67,3.0,3.0,3.0
GEDT017,2026,1,GEDT,창의적융합디자인,59,이화선,3,false,교양,Fri 12:00-13:50,자연과학,36109,,gls,4.34,2.54,1.26,3.64
GEDT017,2026,1,GEDT,창의적융합디자인,60,임형택,3,false,교양,Fri 12:00-13:50,자연과학,36201,,gls,3.0,3.0,3.0,3.0
GEDT017,2026,1,GEDT,창의적융합디자인,61,윤민향,3,false,교양,Fri 12:00-13:50,자연과학,36203,,gls,5.0,3.0,3.0,3.0
GEDT017,2026,1,GEDT,창의적융합디자인,62,김소형,3,false,교양,Fri 14:00-15:50,자연과학,36207,,gls,4.18,2.54,1.36,4.29
GEDT017,2026,1,GEDT,창의적융합디자인,63,김효경,3,false,교양,Fri 14:00-15:50,자연과학,36101,,gls,3.59,2.48,1.3,3.22
GEDT017,2026,1,GEDT,창의적융합디자인,64,이경성,3,false,교양,Fri 14:00-15:50,자연과학,36215,,gls,2.67,3.0,3.0,3.0
GEDT017,2026,1,GEDT,창의적융합디자인,65,임형택,3,false,교양,Fri 14:00-15:50,자연과학,36201,,gls,3.0,3.0,3.0,3.0
GEDT017,2026,1,GEDT,창의적융합디자인,66,이은정,3,false,교양,Fri 14:00-15:50,자연과학,36103,,gls,3.0,3.0,3.0,3.0
GEDT017,2026,1,GEDT,창의적융합디자인,67,윤민향,3,false,교양,Fri 14:00-15:50,자연과학,36203,,gls,5.0,3.0,3.0,3.0
GEDT017,2026,1,GEDT,창의적융합디자인,68,임수연,3,false,교양,Fri 14:00-15:50,자연과학,36109,,gls,4.05,2.48,1.3,3.86
GEDT017,2026,1,GEDT,창의적융합디자인,69,이한승,3,false,교양,Fri 14:00-15:50,자연과학,36209,,gls,5.0,3.0,3.0,3.0
GEDT017,2026,1,GEDT,창의적융합디자인,70,정형모,3,false,교양,Fri 14:00-15:50,자연과학,36107,,gls,3.88,2.21,1.55,3.62
GEDT017,2026,1,GEDT,창의적융합디자인,71,임병권,3,false,교양,Fri 14:00-15:50,자연과학,36205,,gls,2.21,2.24,1.42,2.64
GEDT017,2026,1,GEDT,창의적융합디자인,72,김현미,3,false,교양,Fri 16:00-17:50,자연과학,36215,,gls,3.5,3.0,3.0,3.0
GEDT017,2026,1,GEDT,창의적융합디자인,73,김솔휘,3,false,교양,Fri 16:00-17:50,자연과학,36201,,gls,4.26,2.78,1.3,4.14
GEDT017,2026,1,GEDT,창의적융합디자인,74,서문교,3,false,교양,Fri 16:00-17:50,자연과학,36203,,gls,4.44,2.68,1.6,4.34
GEDT017,2026,1,GEDT,창의적융합디자인,75,김종민,3,false,교양,Fri 16:00-17:50,자연과학,36205,,gls,4.5,3.14,1.62,4.32
GEDT017,2026,1,GEDT,창의적융합디자인,76,김효경,3,false,교양,Fri 16:00-17:50,자연과학,36101,,gls,3.59,2.48,1.3,3.22
GEDT017,2026,1,GEDT,창의적융합디자인,77,이영수,3,false,교양,Fri 16:00-17:50,자연과학,36207,,gls,4.48,2.52,1.66,4.16
GEDT017,2026,1,GEDT,창의적융합디자인,78,이준호,3,false,교양,Fri 15:00-16:15;Fri 16:30-17:45,자연과학,61304A,,gls,3.38,2.44,1.68,3.48
GEDT017,2026,1,GEDT,창의적융합디자인,79,이은정,3,false,교양,Fri 16:00-17:50,자연과학,36103,,gls,3.0,3.0,3.0,3.0
GEDT017,2026,1,GEDT,창의적융합디자인,80,이한승,3,false,교양,Fri 16:00-17:50,자연과학,36209,,gls,5.0,3.0,3.0,3.0
GEDT017,2026,1,GEDT,창의적융합디자인,K0,백상열,3,false,교양,Fri 16:00-17:50,자연과학,36107,,gls,3.17,2.64,1.42,2.84
GEDH100,2026,1,GEDH,MBSR명상,41,손나리,3,false,교양,Wed 09:00-10:15;Wed 10:30-11:45,자연과학,36109,,gls,4.28,1.12,3.55,4.25
GEDH068,2026,1,GEDH,동아시아의상호소통과한자문명,41,임영길,3,false,교양,Thu 10:30-11:45,자연과학,36103,,gls,4.65,2.86,4.78,4.3
GEDH094,2026,1,GEDH,디지털시대의융합예술,41,정명진,3,false,교양,Tue 09:00-10:15;Tue 10:30-11:45,자연과학,36103,,gls,3.0,3.0,3.0,3.0
GEDH096,2026,1,GEDH,뮤지컬과오페라,41,전지성,3,false,교양,Wed 09:00-10:15;Wed 10:30-11:45,자연과학,32255,,gls,4.64,3.76,4.84,4.06
GEDH048,2026,1,GEDH,북유럽신화의이해,41,홍미경,3,false,교양,Fri 09:00-10:15;Fri 10:30-11:45,자연과학,,,gls,3.97,3.57,4.38,3.26
GEDH022,2026,1,GEDH,성의심리학,41,김경아,3,false,교양,Thu 15:00-16:50,자연과학,27530,,gls,4.8,3.0,3.0,3.0
GEDH025,2026,1,GEDH,아동의심리와교육,41,강민희,3,false,교양,Mon 09:00-10:15;Mon 10:30-11:45,자연과학,23217,,gls,4.69,3.12,4.82,3.96
GEDH113,2026,1,GEDH,유럽사회와문화,41,박규현,3,false,교양,Thu 09:00-10:15;Thu 10:30-11:45,자연과학,,,gls,4.28,3.68,4.84,4.45
PHL2003,2026,1,PHL,윤리학,41,이원석,3,false,전공,Thu 09:00-10:15;Thu 10:30-11:45,자연과학,32255,,gls,4.89,4.72,2.72,4.08
GEDH018,2026,1,GEDH,음악의이해,41,윤현진,3,false,교양,Thu 10:30-11:45,자연과학,23217,,gls,4.62,3.3,4.92,3.96
GEDH117,2026,1,GEDH,인간본성과AI윤리,41,김종석,3,false,교양,Tue 09:00-10:15;Tue 10:30-11:45,자연과학,32255,,gls,4.86,4.17,2.08,4.58
GEDH114,2026,1,GEDH,인도문명권의사상과문화,41,김종민,3,false,교양,Fri 09:00-10:15;Fri 10:30-11:45,자연과학,26509,,gls,4.9,3.4,4.62,4.86
GEDH045,2026,1,GEDH,한국문화의이해,41,김상아,2,false,교양,Thu 15:00-16:50,자연과학,36319,,gls,3.0,3.0,3.0,3.0
GEDH045,2026,1,GEDH,한국문화의이해,43,김소연,2,false,교양,Thu 09:00-10:50,자연과학,36319,,gls,3.0,3.0,3.0,3.0
GEDS024,2026,1,GEDS,공학경제,41,자비단,3,false,교양,Tue 16:30-17:45;Thu 15:00-16:15,자연과학,26421,,gls,4.69,2.36,5.0,4.42
GEDS092,2026,1,GEDS,동아시아역사와문화,41,다니엘종스베켄디크,3,false,교양,Thu 09:00-10:15;Thu 10:30-11:45,자연과학,36109,,gls,4.01,3.54,4.8,3.56
GEDS063,2026,1,GEDS,소비와윤리,41,윤명애,3,false,교양,Fri 12:00-13:15;Fri 13:30-14:45,자연과학,,,gls,4.43,2.36,4.18,4.2
GEDS053,2026,1,GEDS,인간과토지의문명사,41,박은영,3,false,교양,Tue 10:30-11:45,자연과학,21534,,gls,4.58,2.72,4.68,3.87
GEDS019,2026,1,GEDS,한국경제의이해,41,이성주,3,false,교양,Tue 13:30-14:45;Thu 12:00-13:15,자연과학,36207,,gls,4.65,3.94,5.0,4.11
GEDS035,2026,1,GEDS,한국역사의이해,41,조운아,2,false,교양,Mon 09:00-10:50,자연과학,36215,,gls,4.25,3.73,4.7,4.1
GEDS035,2026,1,GEDS,한국역사의이해,42,조운아,2,false,교양,Thu 09:00-10:50,자연과학,36107,,gls,4.25,3.73,4.7,4.1
GEDS072,2026,1,GEDS,현대가족의이해,41,전보영,3,false,교양,Thu 15:00-16:15,자연과학,85702,,gls,4.37,2.23,4.29,3.86
GEDS056,2026,1,GEDS,현대동아시아정치경제변동,41,다니엘종스베켄디크,3,false,교양,Tue 09:00-10:15;Tue 10:30-11:45,자연과학,36109,,gls,3.26,3.5,4.7,3.53
GEDS039,2026,1,GEDS,현대사회와법,41,손명지,3,false,교양,Fri 12:00-13:15;Fri 13:30-14:45,자연과학,26509,,gls,4.62,3.58,4.9,4.29
GEDS039,2026,1,GEDS,현대사회와법,42,이성희,3,false,교양,Fri 15:00-16:15;Fri 16:30-17:45,자연과학,,,gls,4.83,3.0,3.0,3.0
GEDS057,2026,1,GEDS,현대한국정치의쟁점,41,장무후이,3,false,교양,Fri 12:00-13:15;Fri 13:30-14:45,자연과학,26421,,gls,4.9,4.68,4.9,4.6
GEDN041,2026,1,GEDN,과학기술과창업경영,41,김경환,3,false,교양,Fri 12:00-13:15;Fri 13:30-14:45,자연과학,,,gls,5.0,3.0,3.0,3.0
GEDN014,2026,1,GEDN,생명과음식의과학,41,박기문,3,false,교양,Tue 09:00-10:15;Tue 10:30-11:45,자연과학,51356,,gls,4.66,4.92,5.0,4.2
GEDN044,2026,1,GEDN,생활속의양자,41,김정용,3,false,교양,Thu 13:30-14:45,자연과학,26509,,gls,4.41,4.03,3.24,4.2
GEDN017,2026,1,GEDN,암의과학,41,이충은,3,false,교양,Thu 10:30-11:45,자연과학,36105,,gls,3.81,3.12,3.18,3.04
GEDN058,2026,1,GEDN,영화장르로서의사이언스픽션,41,민현준,3,false,교양,Thu 09:00-10:15;Thu 10:30-11:45,자연과학,36209,,gls,3.67,3.0,3.0,3.0
GEDN055,2026,1,GEDN,지속가능성을위한수학적모델링,41,나다나엘가르얀토,3,false,교양,Tue 09:00-10:15;Thu 10:30-11:45,자연과학,62306,,gls,4.8,3.87,5.0,4.7
GEDN042,2026,1,GEDN,코스모스와인간,41,김범준,3,false,교양,Fri 12:00-13:15;Fri 13:30-14:45,자연과학,26117,,gls,4.83,1.44,3.71,4.48
GEDN033,2026,1,GEDN,특허와창업,41,이강욱,3,false,교양,Fri 09:00-10:15;Fri 10:30-11:45,자연과학,,,gls,4.87,4.27,4.88,4.45
GELT022,2026,1,GELT,교양골프,41,김지철,1,false,기타,Thu 14:00-15:50,자연과학,51114,,gls,5.0,3.0,3.0,3.0
GELT022,2026,1,GELT,교양골프,42,김지철,1,false,기타,Thu 16:00-17:50,자연과학,51114,,gls,5.0,3.0,3.0,3.0
GELT016,2026,1,GELT,교양농구,41,김상준,1,false,기타,Mon 10:00-11:50,자연과학,51114,,gls,5.0,4.5,4.49,4.08
GELT023,2026,1,GELT,교양댄스스포츠,41,문보라,1,false,기타,Tue 10:00-11:50,자연과학,51114,,gls,5.0,3.54,4.1,4.46
GELT017,2026,1,GELT,교양배드민턴,41,임원빈,1,false,기타,Fri 10:00-11:50,자연과학,51114,,gls,5.0,3.0,3.0,3.0
GELT017,2026,1,GELT,교양배드민턴,42,임원빈,1,false,기타,Fri 12:00-13:50,자연과학,51114,,gls,5.0,3.0,3.0,3.0
GELT024,2026,1,GELT,교양요가,41,이민지,1,false,기타,Wed 12:00-13:50,자연과학,51114,,gls,4.53,4.1,4.41,4.12
GELT018,2026,1,GELT,교양축구,41,최규현,1,false,기타,Thu 09:00-10:50,자연과학,51114,,gls,5.0,4.5,4.68,4.16
GELT019,2026,1,GELT,교양탁구,41,신지은,1,false,기타,Tue 12:00-13:50,자연과학,51114,,gls,4.94,4.76,3.94,4.18
GELT020,2026,1,GELT,교양테니스,41,윤정환,1,false,기타,Mon 12:00-13:50,자연과학,51114,,gls,5.0,3.0,3.0,3.0
GELT020,2026,1,GELT,교양테니스,42,윤정환,1,false,기타,Mon 14:00-15:50,자연과학,51114,,gls,5.0,3.0,3.0,3.0
GELT021,2026,1,GELT,교양플로어볼,41,이준영,1,false,기타,Thu 12:00-13:50,자연과학,51114,,gls,5.0,3.0,3.0,3.0
GELT002,2026,1,GELT,글로벌문화체험세미나,43,데이비드로버츠,1,false,기타,Fri 13:00-13:50,자연과학,27423,,gls,4.98,4.12,3.58,4.96
GELT012,2026,1,GELT,사회봉사론,41,정국인,1,false,기타,Wed 09:00-10:50,자연과학,22211,,gls,4.71,3.66,4.84,4.8
GELT014,2026,1,GELT,예절교육및실습,41,김세리,1,false,기타,Mon 13:00-14:50,자연과학,27517,,gls,4.67,3.84,4.78,4.86
GELT051,2026,1,GELT,창업비즈니스사업계획,41,임중호,2,false,기타,Tue 09:00-10:50,자연과학,36215,,gls,3.0,3.0,3.0,3.0
GELT065,2026,1,GELT,플라잉디스크,41,이지항,1,false,기타,Tue 15:00-16:50,자연과학,51114,,gls,4.86,4.86,3.56,4.44
GELT075,2026,1,GELT,한국생활의안내및진로지도1,41,신진규,1,false,기타,Mon 10:00-10:50,자연과학,36209,,gls,5.0,3.0,3.0,3.0
GELT093,2026,1,GELT,한국어와한국문화의이해,41,윤유숙,2,false,기타,Wed 13:00-14:50,자연과학,36201,,gls,4.4,3.0,3.0,3.0
